region,fecha,trimestre,mes,t,imacec,d√≥lar,ipc,pib,pib_reg,t_aire,t_aire_min,t_aire_max,p_atm,rad_sol,hum_rel,hum_rel_min,hum_rel_max,precip,t_sup,t_sup_min,t_sup_max,t_suelo,vel_viento,raf_viento,d_viento,exp_kg
LL,01-07-2020,Q3,jul,1,-11.9,776.32,0.1,4.88545318780973,-9.03075017478215,6.3,3.2,9.5,1008.6,3.9,92.5,76.9,99.8,235.7,7,3,10.9,7.6,3.3,41.5,77.2,0
LL,01-08-2020,Q3,ago,2,-11.2,772.04,0.1,4.88545318780973,-9.03075017478215,7.2,3.1,11.2,1011.6,7.2,88.1,66.9,99.7,115.8,8.1,2.5,13.8,7.8,3.3,36.6,97,0
LL,01-09-2020,Q3,sept,3,-5.3,756.58,0.6,4.88545318780973,-9.03075017478215,8.8,3.6,14,1012.1,12.5,81.6,52.9,99.2,60.1,10.1,3.1,17.2,9.5,3.6,39.3,116.2,0
LL,01-10-2020,Q4,oct,4,-1.5,767.24,0.7,6.84806540342533,-2.526242480325,10.1,3.8,16.4,1011.7,17.6,77.5,48.7,99,38.9,10.8,2.6,19,11.5,3.3,30.7,132.6,0
LL,01-11-2020,Q4,nov,5,0.9,737.65,-0.1,6.84806540342533,-2.526242480325,13,6.9,19.1,1010.6,19.8,77.2,52,98.1,43,13.5,5.5,21.5,15,3.6,42.3,148.8,0
LL,01-12-2020,Q4,dic,6,0.5,705.29,0.3,6.84806540342533,-2.526242480325,14.2,7.8,20.6,1009.5,22.8,74.7,48.5,97.9,48.2,14.8,6.3,23.4,17.1,3.1,36.6,155.1,2050613.58
LL,01-01-2021,Q1,ene,7,-3.5,689.91,0.7,3.7854565494801,-4.63244311493474,15.5,8.1,23,1008,24.3,72.4,42.3,99,18.9,16,6,25.9,18.6,3.7,29.6,183.8,648633.71
LL,01-02-2021,Q1,feb,8,-2,684.77,0.2,3.7854565494801,-4.63244311493474,17.1,8.7,25.6,1007.5,21.7,68.3,38.1,97.2,9.7,17.7,6,29.4,19.2,3.5,26.1,185.3,11255777.87
LL,01-03-2021,Q1,mar,9,6.8,684.31,0.4,3.7854565494801,-4.63244311493474,15,7.2,22.7,1008.2,15.7,75.1,43.5,98.4,18.3,15.6,4.8,26.3,16.9,2.7,37.7,148.4,12449381.38
LL,01-04-2021,Q2,abr,10,15.2,661.58,0.4,1.09013993689875,12.6552144905324,12.7,7.7,17.7,1007.8,8.5,85.7,59.6,99.7,102,13.3,6.5,20,14,2.5,34.5,71.2,1379491.35
LL,01-05-2021,Q2,may,11,19.5,661.79,0.3,1.09013993689875,12.6552144905324,9.2,5.4,13,1009.9,5,92.4,73.7,100,91.1,9.4,4.3,14.5,10.4,2.5,30.7,68.4,0
LL,01-06-2021,Q2,jun,12,20.4,671.87,0.1,1.09013993689875,12.6552144905324,6.4,1.9,10.9,1010.2,4.5,92.5,73.2,99.5,163.6,6.6,1,12.2,7.9,3.1,40.1,86.6,0
LL,01-07-2021,Q3,jul,13,17.3,691.56,0.8,4.06393384970571,12.5374563151665,6.5,2.6,10.4,1013.1,4.8,93.4,74.7,100,83.6,6.8,1.6,12,7.4,2.3,30.7,77.8,0
LL,01-08-2021,Q3,ago,14,17.9,716.74,0.4,4.06393384970571,12.5374563151665,7.7,4.1,11.3,1009.5,6.3,88.3,68.6,99.3,155.4,7.9,3.1,12.8,8,4.2,40.1,113.7,0
LL,01-09-2021,Q3,sept,15,13.4,716.33,1.2,4.06393384970571,12.5374563151665,9.1,3.7,14.5,1011.2,12.2,83.5,57.3,100,53.5,9.6,2.4,16.9,10.7,2.9,54.7,106.1,0
LL,01-10-2021,Q4,oct,16,13.2,742.45,1.3,2.05976446225848,12.3775694854146,10.9,4.9,16.9,1012.1,17.1,79,52.9,99.1,38.9,11.1,3.5,18.8,12.2,3.5,33.1,146.8,0
LL,01-11-2021,Q4,nov,17,13.3,736.92,0.5,2.05976446225848,12.3775694854146,13.3,7.1,19.6,1010.4,21,76.4,49.4,97.7,30.8,13.6,5.6,21.7,15,3.1,27.7,161.5,0
LL,01-12-2021,Q4,dic,18,8.6,769.21,0.8,2.05976446225848,12.3775694854146,16,8.9,23.1,1008.6,23.2,72.5,43.4,98.4,29.8,16.5,6.8,26.1,17.7,3.4,29.1,182.1,134400
LL,01-01-2022,Q1,ene,19,7.4,737.93,1.2,-1.30965852873504,7.44236596459951,16.2,8.9,23.5,1007.2,21.9,72.2,40.3,98.8,56.6,16.5,7.3,25.7,18,3,27.7,132.3,807502.59
LL,01-02-2022,Q1,feb,20,5.2,718.74,0.3,-1.30965852873504,7.44236596459951,16.7,9,24.4,1008.1,20.2,69.9,38.1,97.7,16.9,17.2,6.7,27.7,18.4,3.1,35.3,147.3,7669418.5
LL,01-03-2022,Q1,mar,21,5.7,706.66,1.9,-1.30965852873504,7.44236596459951,12.7,6.4,19,1009.6,13.6,81.1,51.3,100,65.1,12.9,4.4,21.4,14.7,2.8,38.5,123.8,6855756.69
LL,01-04-2022,Q2,abr,22,5.7,718.39,1.4,0.021980655971543,5.50345151955913,10.5,5.7,15.2,1007.4,8.1,87.8,62.2,99.8,115,10.4,4.1,16.7,12,2.5,41.2,76.6,428692.1
LL,01-05-2022,Q2,may,23,5.1,748.45,1.2,0.021980655971543,5.50345151955913,8.1,2.9,13.4,1011.4,6.4,89.5,64.5,100,76.1,8,1.3,14.7,9.3,1.6,29.1,66.1,0
LL,01-06-2022,Q2,jun,24,2.7,752.62,0.9,0.021980655971543,5.50345151955913,5.6,1.2,9.9,1009,4.1,92.4,73.1,100,153.9,5.3,-0.1,10.7,6.2,2.1,34.5,56.8,0
LL,01-07-2022,Q3,jul,25,0.1,833.2,1.4,-0.402457466175299,2.21467399698065,6,2.5,9.5,1006.8,4.2,92.3,74.6,99.6,215.7,5.9,1.5,10.3,6.4,3.5,37.4,80.7,0
LL,01-08-2022,Q3,ago,26,1.3,790.79,1.2,-0.402457466175299,2.21467399698065,6.6,2.2,11,1012,6.9,90.1,68.7,100,77.3,6.6,1,12.2,7.4,2.2,36.6,62.8,0
LL,01-09-2022,Q3,sept,27,0.8,803.24,0.9,-0.402457466175299,2.21467399698065,8.3,2.9,13.8,1013.2,11.8,83.4,57.2,99.1,93.8,8.3,1.2,15.4,9,2.5,31.8,96.6,0
LL,01-10-2022,Q4,oct,28,-1.6,833.92,0.5,-0.385807321621823,-0.57578940411811,10.4,4.2,16.5,1011.5,16.1,78.6,50.7,99.4,38.9,10.1,2.2,18,11.1,3.4,36.9,133.2,0
LL,01-11-2022,Q4,nov,29,-3.1,790.88,1,-0.385807321621823,-0.57578940411811,14.8,8.2,21.4,1009.1,20.5,76.4,49.5,98.7,33.9,14.5,6.4,22.7,13.9,2.3,26.1,122,0
LL,01-12-2022,Q4,dic,30,-1.5,745.28,0.3,-0.385807321621823,-0.57578940411811,15.6,8.6,22.5,1008.6,23.5,73,45.8,97.5,34.4,16.7,7.7,25.6,15.2,3.6,29.9,146.2,0
LL,01-01-2023,Q1,ene,31,1.2,691.75,0.8,0.362599965738908,3.83604304215799,16.6,9.1,24.1,1008.5,22.8,71.4,41.8,97.9,26.1,18.6,7.9,29.3,17.5,3.1,25.3,162.7,765307.87
LL,01-02-2023,Q1,feb,32,-0.2,659.46,-0.1,0.362599965738908,3.83604304215799,16.2,8.5,23.9,1008.6,20.1,70.9,40.3,97.3,21.7,17.6,6.6,28.6,17.7,3.6,33.1,176.9,7896548.16
LL,01-03-2023,Q1,mar,33,-1.7,666.5,1.1,0.362599965738908,3.83604304215799,13,7.1,18.9,1008.4,12.1,81.3,55.7,99.4,94.3,13.7,5.6,21.9,15,2.5,46.6,117.1,1463874.11
LL,01-04-2023,Q2,abr,34,-0.3,656.63,0.3,0.510701501413502,0.188601039474356,11.8,7.2,16.5,1007.9,8.2,88.1,64.5,99.9,76.7,11.9,5.7,18.1,13.1,1.6,32,106.1,84871.12
LL,01-05-2023,Q2,may,35,-0.3,647.22,0.1,0.510701501413502,0.188601039474356,8.8,4.5,13.1,1009.4,5.1,91.3,71.5,100,129.9,8.6,3.4,13.7,10.4,2.3,47.4,86.8,0
LL,01-06-2023,Q2,jun,36,0.2,644.25,-0.2,0.510701501413502,0.188601039474356,7.5,3.8,11.1,1008.3,3.9,91.6,74.3,100,158.1,6.9,2.4,11.5,8.4,2.8,36.4,75.5,0
LL,01-07-2023,Q3,jul,37,3.2,653.57,0.4,0.979790805012715,1.16021873784851,7.4,3.6,11.1,1007.7,4.8,91,71.9,99.5,181.2,7.1,2.6,11.6,8,3.6,38.8,72,0
LL,01-08-2023,Q3,ago,38,0.4,691.63,0.1,0.979790805012715,1.16021873784851,7.1,3,11.1,1008.3,7.2,87.5,64,99.5,169.7,6.8,1.7,11.8,8.1,3.1,35.3,95.6,0
LL,01-09-2023,Q3,sept,39,0.7,716.17,0.7,0.979790805012715,1.16021873784851,8.1,3.7,12.6,1008.8,11.2,82.8,57.2,99.8,136.5,10.7,4.5,17,9.1,3.4,43.9,134.2,20444.86
LL,01-10-2023,Q4,oct,40,1.8,753.91,0.4,-0.481429369840158,0.141848255046884,10,4.6,15.4,1010.5,17,76.8,49.8,96.9,47.8,11.9,4.3,19.6,11.4,3.7,44.2,150.3,0
LL,01-11-2023,Q4,nov,41,1.6,709.97,0.7,-0.481429369840158,0.141848255046884,11,5.7,16.4,1007.6,17.9,80.1,56.2,99.3,82.3,11.5,4.3,18.8,12.6,4.2,44.5,171.3,0
LL,01-12-2023,Q4,dic,42,-0.1,693.81,-0.5,-0.481429369840158,0.141848255046884,14.4,7.7,21.1,1008.9,23.8,72.1,44.7,95.8,28.7,15.9,5.9,26,15.8,2.5,27.2,131.5,50513.38
LL,01-01-2024,Q1,ene,43,3.2,722.93,0.7,1.65562496088922,2.87295715492604,16.9,9.2,24.6,1008.7,24.8,67.9,37.9,95.5,20.8,18.1,6.8,29.4,20.9,2.9,28.8,129,468042.68
LL,01-02-2024,Q1,feb,44,5.5,774.18,0.6,1.65562496088922,2.87295715492604,17,8.8,25.2,1008.2,20.3,66.5,35.7,94.7,8.1,17.4,5.8,29.1,20.1,1.9,31.2,122.4,7055874.12
LL,01-03-2024,Q1,mar,45,1.6,774.46,0.4,1.65562496088922,2.87295715492604,13.4,6.9,19.9,1008.6,14.6,75.9,45.6,97.9,79.2,13.6,4.6,22.5,16,0.8,29.1,106.9,4284154.45
LL,01-04-2024,Q2,abr,46,4,762.46,0.5,-0.422323243392042,2.64432750407795,10.5,5.3,15.8,1007.5,8.7,83.3,57.5,98.1,126.4,10.1,3.8,16.4,12.3,1.1,39.1,134.6,901100.97
LL,01-05-2024,Q2,may,47,0.4,715.99,0.3,-0.422323243392042,2.64432750407795,6.4,1.5,11.3,1009.7,5.9,90.5,66.7,99.5,163.9,5.8,-0.1,11.7,7.7,0.9,34.5,89.5,0
LL,01-06-2024,Q2,jun,48,-0.7,719.99,-0.1,-0.422323243392042,2.64432750407795,8.2,5.2,11.3,1004.6,3.5,90,74.6,98.4,242.8,7.9,4.5,11.3,8.9,3.5,37.4,145.4,0
LL,01-07-2024,Q3,jul,49,4,727.27,0.7,1.47016729573894,0.196830135384407,5.4,1.2,9.5,1014.3,5.3,88.7,67.7,98.9,90.3,4.8,0.1,9.6,6.4,2.2,38.2,99.4,0
LL,01-08-2024,Q3,ago,50,1.9,715.39,0.3,1.47016729573894,0.196830135384407,6.9,1.9,11.9,1012.3,8.1,85.5,59.7,98.7,106.4,6.5,0.9,12.2,7.4,3,46.1,158.8,0
LL,01-09-2024,Q3,sept,51,0.2,707.51,0.1,1.47016729573894,0.196830135384407,8.1,3.4,12.8,1009.1,10.7,82.2,56.8,98,163.7,8,1.9,14.2,9.5,4.5,44.5,212.4,0
LL,01-10-2024,Q4,oct,52,2.6,710.9,1,0.363076285070063,0.413241459093494,11.3,5.1,17.6,1010.6,17.2,78.1,52,97.4,10.3,10.9,2.7,19.1,12.6,3.4,29.6,148.1,29070
LL,01-11-2024,Q4,nov,53,2.3,744.48,0.2,0.363076285070063,0.413241459093494,12.2,6.6,17.8,1009.2,18.6,79.1,52.1,98.1,107.6,12.9,5,20.8,13.9,4.1,28.5,188.6,846061.4
LL,01-12-2024,Q4,dic,54,6.8,750.97,-0.2,0.363076285070063,0.413241459093494,14.1,6.8,21.5,1009.3,23.2,71.4,44.3,96.6,13.4,15.4,5.6,25.2,15.2,3.4,29.6,124.3,0
LL,01-01-2025,Q1,ene,55,2.3,765.23,1.1,0.363076285070063,0.413241459093494,16.6,8.3,25,1008.3,24.4,67.7,35.4,97.1,21.5,18.2,5.8,30.6,17.3,3.9,32.8,124.5,512004.02
LL,01-02-2025,Q1,feb,56,-0.1,716.88,0.4,0.363076285070063,0.413241459093494,15.7,8.5,22.8,1005.4,19.1,70,40.9,95.4,37.5,16.1,5.4,26.8,17.3,4.2,29.1,152,8533945.17
LR,01-07-2020,Q3,jul,1,-11.9,776.32,0.1,4.88545318780973,-5.93774915081047,6.93,3.7,10.4,1019.9,7.37,87,72.27,95.03,213.73,7.15,3.6,10.6,8.3,2.9,50.1,76.9,0
LR,01-08-2020,Q3,ago,2,-11.2,772.04,0.1,4.88545318780973,-5.93774915081047,7.07,2.9,11.7,1022,9.37,87.77,69.87,97.53,89.43,7.65,2.7,12.2,8.4,2.5,34.5,96.9,0
LR,01-09-2020,Q3,sept,3,-5.3,756.58,0.6,4.88545318780973,-5.93774915081047,8.8,3,14.5,1035.35,12.55,85.25,58.3,99.3,73.25,9.45,2.8,15.5,9.9,3.1,35.5,127.8,0
LR,01-10-2020,Q4,oct,4,-1.5,767.24,0.7,6.84806540342533,2.58300520817429,10.5,3.5,17.4,1034,18.75,78.8,50.05,98.6,53.35,11.85,3.5,18.9,11.9,3.6,34.2,160.2,0
LR,01-11-2020,Q4,nov,5,0.9,737.65,-0.1,6.84806540342533,2.58300520817429,13.15,6.8,19.3,1032,20.5,77.95,53.4,97.15,16.25,14.75,7.3,21.1,15.3,3.8,34.7,172.8,0
LR,01-12-2020,Q4,dic,6,0.5,705.29,0.3,6.84806540342533,2.58300520817429,14.35,6.8,21.5,1030.3,25.7,74.65,47.8,96.95,50.95,16.1,7.2,24.3,17.3,3.7,35.3,178.8,19062
LR,01-01-2021,Q1,ene,7,-3.5,689.91,0.7,3.7854565494801,-0.450074761589858,16.75,9,24.7,1027.85,26.55,69.35,40.75,95.35,48.95,18.5,8.4,28.1,19.3,2,39.6,146,290884.72
LR,01-02-2021,Q1,feb,8,-2,684.77,0.2,3.7854565494801,-0.450074761589858,17.8,8.7,27,1027.4,24.65,70.35,40.35,96.85,10.8,19.55,8,30.9,19.9,1.6,28.5,116.8,2010114.534
LR,01-03-2021,Q1,mar,9,6.8,684.31,0.4,3.7854565494801,-0.450074761589858,15.4,7,24,1028.9,18,76.35,45.95,98.1,24.1,16.5,6,26.9,17.8,2.4,29.1,138.5,789464.75
LR,01-04-2021,Q2,abr,10,15.2,661.58,0.4,1.09013993689875,16.4028126679415,13,7.1,18.7,1030.05,9.5,87.15,61.1,98.9,95.5,13.95,7.5,20.4,15,1.8,28.3,109.6,0
LR,01-05-2021,Q2,may,11,19.5,661.79,0.3,1.09013993689875,16.4028126679415,9.53,5.4,13.6,1019.4,5.8,90.77,72.23,98.4,180.6,10.05,5.2,14.4,11.4,1.3,42.3,68.2,0
LR,01-06-2021,Q2,jun,12,20.4,671.87,0.1,1.09013993689875,16.4028126679415,7.3,3,11.4,1020.2,4.57,89.87,71.63,97.6,183.6,7.6,3.3,11.5,9.4,2.3,47.7,79.9,0
LR,01-07-2021,Q3,jul,13,17.3,691.56,0.8,4.06393384970571,10.3395973061415,6.47,2.7,10.2,1022.9,5.13,92.73,76.7,99.1,105.7,6.8,2.8,10.7,8.2,1.4,35.8,61.9,0
LR,01-08-2021,Q3,ago,14,17.9,716.74,0.4,4.06393384970571,10.3395973061415,7.8,3.7,12.3,1019.17,7.27,87.4,67.93,98.03,210.37,8.25,3.3,13,8.5,1.2,45.8,73.8,0
LR,01-09-2021,Q3,sept,15,13.4,716.33,1.2,4.06393384970571,10.3395973061415,9.23,3.5,15,1020.27,12.23,84.5,57.77,98.7,79.03,9.8,3.6,15.9,10.8,0.3,59.6,25.7,0
LR,01-10-2021,Q4,oct,16,13.2,742.45,1.3,2.05976446225848,13.7742033712573,11.2,4.4,17.6,1017.83,17.23,78.7,53.4,96.63,47.5,11.5,4.7,19.1,12.4,0.1,38,35.3,0
LR,01-11-2021,Q4,nov,17,13.3,736.92,0.5,2.05976446225848,13.7742033712573,13.58,6.8,20.4,1010.75,20.88,76.15,53.3,94.35,31,14.4,7,22.7,15.6,2.4,31.2,132.6,0
LR,01-12-2021,Q4,dic,18,8.6,769.21,0.8,2.05976446225848,13.7742033712573,16.4,8.3,24.6,1007.43,23.9,71.35,45.83,94,22.65,17.3,7.6,26.9,18.2,2.5,32,133.4,20544
LR,01-01-2022,Q1,ene,19,7.4,737.93,1.2,-1.30965852873504,7.46068557190234,16.4,8.3,23.4,1006.45,22.65,73.63,49.08,94.3,54.15,18.05,9.3,26.4,18.7,3.9,37.2,182.8,487031.12
LR,01-02-2022,Q1,feb,20,5.2,718.74,0.3,-1.30965852873504,7.46068557190234,17,9.1,25.2,1006.65,19.8,71.95,46.4,92.3,25.78,19,8.1,29.8,19,3.7,42.8,169.4,2085072.2498
LR,01-03-2022,Q1,mar,21,5.7,706.66,1.9,-1.30965852873504,7.46068557190234,12.78,6.5,19.7,1008.08,12.47,82.05,59.63,96.73,86.38,14.05,6.2,21.6,15.7,1.2,34.2,92.6,821879.36
LR,01-04-2022,Q2,abr,22,5.7,718.39,1.4,0.021980655971543,4.08007213047543,10.28,5.4,15.8,1008.15,7.13,89.5,69.68,98.63,153.85,10.8,5.2,16.3,12.5,1.6,48.5,60.6,11700
LR,01-05-2022,Q2,may,23,5.1,748.45,1.2,0.021980655971543,4.08007213047543,8.45,2.8,13.6,1012.33,5.67,89.65,72.68,97.18,88.43,8.25,2.8,13.8,9.9,1.4,33.7,74.5,0
LR,01-06-2022,Q2,jun,24,2.7,752.62,0.9,0.021980655971543,4.08007213047543,6.6,2.8,10.1,1010.58,3.1,91.48,78.93,97.4,235.03,6.9,3.4,9.7,8.2,2.1,46.3,66.3,0
LR,01-07-2022,Q3,jul,25,0.1,833.2,1.4,-0.402457466175299,0.52005845468952,6.33,3,10.3,1009.38,3.68,92.65,79.73,98.83,271.48,6.85,3.3,10.2,7.8,4,49.3,110.7,0
LR,01-08-2022,Q3,ago,26,1.3,790.79,1.2,-0.402457466175299,0.52005845468952,6.88,2.3,11.9,1017.08,6.5,90.88,72.3,99.2,162.3,7.55,2.7,12.2,8.4,2.2,51.5,111,0
LR,01-09-2022,Q3,sept,27,0.8,803.24,0.9,-0.402457466175299,0.52005845468952,8.83,2.4,15.2,1015.8,11.78,84.28,59.8,97.65,87.55,9.2,2.7,16.2,9.8,2.7,32.6,118.2,0
LR,01-10-2022,Q4,oct,28,-1.6,833.92,0.5,-0.385807321621823,-0.945870031753671,10.8,4.5,17.2,1015.85,15.23,81,57.1,97.6,116.53,11.6,4.9,18.3,12.6,3.8,38.2,162.3,0
LR,01-11-2022,Q4,nov,29,-3.1,790.88,1,-0.385807321621823,-0.945870031753671,15.03,8.4,21.9,1013.45,20,78.25,55.9,95.55,43.53,16.45,8.8,23.7,15.8,2.9,27.7,153.6,0
LR,01-12-2022,Q4,dic,30,-1.5,745.28,0.3,-0.385807321621823,-0.945870031753671,15.95,8.5,23.1,1011.85,22.93,72.93,48.73,94.83,34.93,18.4,9.5,28.8,17.7,2.3,37.7,122.8,990
LR,01-01-2023,Q1,ene,31,1.2,691.75,0.8,0.362599965738908,-1.6772945935668,16.98,7.8,25.2,1011.7,23.35,71.45,44.78,95.05,18.95,20.5,8.9,35,18.8,2.5,29.3,135.3,1435461.74
LR,01-02-2023,Q1,feb,32,-0.2,659.46,-0.1,0.362599965738908,-1.6772945935668,17.28,8.3,26.3,1011.38,20.68,68.08,40.5,94,14.93,21.2,8.1,35.7,19.3,0.5,19.6,54.7,2066484.58
LR,01-03-2023,Q1,mar,33,-1.7,666.5,1.1,0.362599965738908,-1.6772945935668,14.13,7.6,20.2,1012.03,12.15,82.78,60.8,97.7,85.2,16.2,7.9,25.1,16.5,1.5,37.2,73.5,473447.1
LR,01-04-2023,Q2,abr,34,-0.3,656.63,0.3,0.510701501413502,-2.52615648125977,12.23,7.2,17.7,1020,6.9,89.8,69.67,98.93,114.57,12.85,7.3,18.5,14.4,1.6,49.6,138.9,0
LR,01-05-2023,Q2,may,35,-0.3,647.22,0.1,0.510701501413502,-2.52615648125977,8.5,4.8,14,1022.57,4.67,92.67,78.37,98.77,150.9,9.45,5.1,14,11.7,0.3,35.5,209.4,0
LR,01-06-2023,Q2,jun,36,0.2,644.25,-0.2,0.510701501413502,-2.52615648125977,7.3,3.7,11.7,1014.4,2.73,94.45,84.53,99.48,169.75,7.8,4.2,11.4,9.8,2.1,55.3,236,0
LR,01-07-2023,Q3,jul,37,3.2,653.57,0.4,0.979790805012715,2.91893743106439,7.25,2.9,11.1,1013.4,3.7,93.55,79.63,99.33,242.4,7.75,4.5,10.9,9.3,0.7,50.7,241.4,0
LR,01-08-2023,Q3,ago,38,0.4,691.63,0.1,0.979790805012715,2.91893743106439,7.27,2.8,12.1,1022.27,5.87,89.53,67.93,99,192.6,7.5,3,12,9.5,1.4,34.5,223.6,0
LR,01-09-2023,Q3,sept,39,0.7,716.17,0.7,0.979790805012715,2.91893743106439,8.65,3.5,14,1014.48,11.05,82.88,60.05,96.85,204.48,8.85,4,14.4,10.4,4.1,41.5,150.3,0
LR,01-10-2023,Q4,oct,40,1.8,753.91,0.4,-0.481429369840158,1.08852093084937,9.9,3.5,16.4,1014.6,15.7,78.98,55.43,96.2,82.7,10.9,4.1,17.9,12.1,3.9,55.8,165.1,0
LR,01-11-2023,Q4,nov,41,1.6,709.97,0.7,-0.481429369840158,1.08852093084937,11.2,5.7,17.1,1012.45,16.05,82.08,59.65,97.73,129,12.55,6.4,18.5,12.9,4.4,39.6,178,0
LR,01-12-2023,Q4,dic,42,-0.1,693.81,-0.5,-0.481429369840158,1.08852093084937,15.05,7.3,22.8,1011.88,22.83,73.48,48.43,95.35,40.63,17.45,8.1,28.1,15.9,3.6,38,164,0
LR,01-01-2024,Q1,ene,43,3.2,722.93,0.7,1.65562496088922,6.30415598261946,17.88,9,26.5,1011.43,24.05,69.73,42.33,93.75,11.3,21.3,9.5,36.2,18.7,2.7,26.6,159.1,447806.12
LR,01-02-2024,Q1,feb,44,5.5,774.18,0.6,1.65562496088922,6.30415598261946,17.73,9.4,26,1011.48,20.98,68.63,42.33,92.95,22.98,20.95,9.7,33.9,18.8,2.4,35.5,139.4,2768522.94
LR,01-03-2024,Q1,mar,45,1.6,774.46,0.4,1.65562496088922,6.30415598261946,13.8,6.5,21,1012.6,13.95,78.35,49.73,97.13,92.35,15.8,7.2,25.2,16.1,2,38.2,111.7,346148.48
LR,01-04-2024,Q2,abr,46,4,762.46,0.5,-0.422323243392042,4.04907091436364,11.08,5.9,16.5,1012.33,7.55,86.38,65.73,97.33,146.53,11.8,6.6,17.2,13.9,1.6,60.4,73.7,35585.12
LR,01-05-2024,Q2,may,47,0.4,715.99,0.3,-0.422323243392042,4.04907091436364,6.83,2.6,11,1015.43,10.13,91.83,72.55,98.95,183.68,7.3,3,11.1,9.3,1.8,42.8,58.3,0
LR,01-06-2024,Q2,jun,48,-0.7,719.99,-0.1,-0.422323243392042,4.04907091436364,8.3,5.5,11.3,1009.9,4.4,92.1,79.23,98.35,389.15,8.55,6,11,11.7,3.5,38.8,67.5,0
LR,01-07-2024,Q3,jul,49,4,727.27,0.7,1.47016729573894,3.38917761911159,5.43,1,10,1019.2,5.03,89.18,69.8,98.98,79.45,5.7,1.3,9.7,9.2,1.9,39.9,86.2,0
LR,01-08-2024,Q3,ago,50,1.9,715.39,0.3,1.47016729573894,3.38917761911159,7.13,2.5,12,1017.78,6.78,88.65,65.6,99.05,99.15,7.6,2.6,12.3,10.5,2.5,53.1,107.3,0
LR,01-09-2024,Q3,sept,51,0.2,707.51,0.1,1.47016729573894,3.38917761911159,8.25,3.3,13.2,1014.73,8.4,87.6,65.7,98.85,75.2,8.75,3.6,14,10.5,3.7,44.5,139.8,0
LR,01-10-2024,Q4,oct,52,2.6,710.9,1,0.363076285070063,3.20913695755956,11.95,4.5,18.6,1014.75,15.85,80.73,56.68,97.53,25,12.9,4.3,20.8,12.9,2.1,29.1,132.2,11915.14
LR,01-11-2024,Q4,nov,53,2.3,744.48,0.2,0.363076285070063,3.20913695755956,12.75,6.3,18.7,1013.75,17.95,80.35,55.3,97.63,70.5,14.35,7.1,22.2,14.8,3.7,34.7,168.8,4256.64
LR,01-12-2024,Q4,dic,54,6.8,750.97,-0.2,0.363076285070063,3.20913695755956,15.23,7.3,22.4,977.93,24.13,72.8,49.9,94.23,9,16.65,7.1,26.1,17,2.4,27.5,141.3,52971
LR,01-01-2025,Q1,ene,55,2.3,765.23,1.1,0.363076285070063,3.20913695755956,17.3,8.7,25.8,1051.6,26.2,70.8,41.8,96.2,40.8,19.1,6.7,31.5,18.5,2.5,30.1,138.4,1545550.91
LR,01-02-2025,Q1,feb,56,-0.1,716.88,0.4,0.363076285070063,3.20913695755956,15.9,7.5,24.3,1052.4,20.2,74.6,44.9,96.7,52,17.9,5.2,30.7,17.5,2.5,27.7,140.3,2016608
AR,01-07-2020,Q3,jul,1,-11.9,776.32,0.1,4.88545318780973,-4.48301923959306,6.9,3.2,10.7,998.3,4.1,90,71.6,99,315.7,6.7,2.4,11.1,7.8,3.6,35,169.1,0
AR,01-08-2020,Q3,ago,2,-11.2,772.04,0.1,4.88545318780973,-4.48301923959306,7.6,3.2,11.9,1000.5,6.7,85.1,64.5,97.3,122.9,7.8,2.5,13.1,8,4.5,42.3,169.5,0
AR,01-09-2020,Q3,sept,3,-5.3,756.58,0.6,4.88545318780973,-4.48301923959306,9.2,3.7,14.7,1000.7,10.3,81.1,54.9,97.6,69.3,9.9,2.6,17.2,9.8,4.4,48.2,181.2,0
AR,01-10-2020,Q4,oct,4,-1.5,767.24,0.7,6.84806540342533,-0.863147458414637,11,4,18,1000.1,15.9,77.5,46.6,98.3,45,12.1,3.3,21,12.4,3.9,32,175.1,0
AR,01-11-2020,Q4,nov,5,0.9,737.65,-0.1,6.84806540342533,-0.863147458414637,13.1,6.7,19.5,999.3,17.6,78.1,53.4,97.4,20.4,14.7,6.1,23.4,15.6,3.9,29.9,183.1,0
AR,01-12-2020,Q4,dic,6,0.5,705.29,0.3,6.84806540342533,-0.863147458414637,14.8,7.5,22,998.1,21.2,74.8,46.3,97,37.8,17.1,6.8,27.5,17.2,4.2,35.5,187.4,243828.22
AR,01-01-2021,Q1,ene,7,-3.5,689.91,0.7,3.7854565494801,-0.300871634331901,16.3,8.2,24.4,996.1,22.2,72.1,41.1,96,121.2,18.7,7.7,29.7,19.3,4.5,29.6,177.4,1458523.86
AR,01-02-2021,Q1,feb,8,-2,684.77,0.2,3.7854565494801,-0.300871634331901,17.5,9.5,25.4,995.7,20.4,74.4,46.2,96.5,8.1,19.7,9.2,30.2,20,3.3,26.4,177.1,7144298.87
AR,01-03-2021,Q1,mar,9,6.8,684.31,0.4,3.7854565494801,-0.300871634331901,15.7,8.2,23.3,996.3,13.5,78.5,49.3,97.5,22.1,17.3,7.5,27.2,17.4,2.9,33.9,157.4,3381717.703
AR,01-04-2021,Q2,abr,10,15.2,661.58,0.4,1.09013993689875,21.4072326036489,12.9,7.1,18.7,997.1,8.9,86.9,60.5,98.8,76.8,13.9,6.6,21.1,14.2,1.8,21.8,119.7,633479.6
AR,01-05-2021,Q2,may,11,19.5,661.79,0.3,1.09013993689875,21.4072326036489,9.8,5.2,14.4,999.1,5.5,90.1,69,98.7,180.1,10.1,4.6,15.6,11.1,2.7,34.5,146.1,0
AR,01-06-2021,Q2,jun,12,20.4,671.87,0.1,1.09013993689875,21.4072326036489,7.8,3.6,12.1,999.3,4,86.7,67.5,98.2,203.3,8.1,3.6,12.6,9.5,3.5,37.7,153.7,0
AR,01-07-2021,Q3,jul,13,17.3,691.56,0.8,4.06393384970571,13.8318199189738,6.7,2.4,11,1001.7,5,90.6,71.1,99.3,111.4,7.3,2.7,11.8,7.6,2.6,31.5,139.8,0
AR,01-08-2021,Q3,ago,14,17.9,716.74,0.4,4.06393384970571,13.8318199189738,8.5,4.3,12.8,998.6,6.9,83.5,63.2,97.9,207,8.6,4.3,12.9,8.2,5,45.3,165.3,0
AR,01-09-2021,Q3,sept,15,13.4,716.33,1.2,4.06393384970571,13.8318199189738,9.5,3.6,15.4,1000.1,11.2,81.5,53.8,98.6,69,10.2,3.4,17,10.7,3.6,49,157.1,0
AR,01-10-2021,Q4,oct,16,13.2,742.45,1.3,2.05976446225848,17.2877863787318,11.5,5,18,1000.5,15.1,78.1,51.9,97.1,47.1,12.7,5,20.4,12.8,3.8,30.4,184.9,0
AR,01-11-2021,Q4,nov,17,13.3,736.92,0.5,2.05976446225848,17.2877863787318,13.8,6.9,20.6,999,18.8,76.8,48.9,97.3,34.1,16.6,7.3,25.9,16.3,3.7,28.8,181.7,38134.8
AR,01-12-2021,Q4,dic,18,8.6,769.21,0.8,2.05976446225848,17.2877863787318,16.7,8.1,25.3,996.6,23.1,68.9,40.8,95,11,20.8,8.4,33.2,18.9,4.4,28.8,182.9,574899.46
AR,01-01-2022,Q1,ene,19,7.4,737.93,1.2,-1.30965852873504,8.32766493554522,16.3,8.8,23.8,996.3,21,76,46.9,97.7,79.5,19.2,9.4,29.1,20.3,3.7,26.9,173.8,1168139.55
AR,01-02-2022,Q1,feb,20,5.2,718.74,0.3,-1.30965852873504,8.32766493554522,17.5,9.4,25.6,996.6,20.3,71.1,40.9,94.6,43,19.4,9.5,29.4,20.8,3.8,29.1,164.8,3514156.976
AR,01-03-2022,Q1,mar,21,5.7,706.66,1.9,-1.30965852873504,8.32766493554522,13.3,7.2,19.4,998.3,14,80.1,55.2,96.8,62.6,14.2,7.2,21.2,17.2,3.3,27.2,162.9,2359729.993
AR,01-04-2022,Q2,abr,22,5.7,718.39,1.4,0.021980655971543,7.58376597850725,10.4,5.3,15.4,997.1,8.1,87.7,65.2,98.7,162.5,10.9,5.3,16.6,13.6,2.6,56.1,151.5,8282.62
AR,01-05-2022,Q2,may,23,5.1,748.45,1.2,0.021980655971543,7.58376597850725,8.4,3.1,13.6,1000,6.7,85,64.6,96.8,104.8,8.3,2.5,14.1,10.6,2.6,34.5,130.7,0
AR,01-06-2022,Q2,jun,24,2.7,752.62,0.9,0.021980655971543,7.58376597850725,7.4,4.1,10.7,998.3,3.3,89.1,72.9,97.5,330.1,7.3,3.7,10.9,8.5,2.8,40.4,133.4,0
AR,01-07-2022,Q3,jul,25,0.1,833.2,1.4,-0.402457466175299,2.62323724235143,6.9,3.4,10.3,996.9,4,89.7,71.5,98.6,327.7,6.8,2.9,10.6,8.6,3.9,45,162.9,0
AR,01-08-2022,Q3,ago,26,1.3,790.79,1.2,-0.402457466175299,2.62323724235143,7.4,2.9,11.9,1000.5,6.7,87.5,67.2,98.3,233.2,7.6,2.4,12.8,8.3,3.5,56.9,161,0
AR,01-09-2022,Q3,sept,27,0.8,803.24,0.9,-0.402457466175299,2.62323724235143,9,2.7,15.3,1001.7,11.3,82.8,54.6,99.1,54.8,9.9,2.4,17.4,9.7,3.2,31.2,156.8,0
AR,01-10-2022,Q4,oct,28,-1.6,833.92,0.5,-0.385807321621823,-0.751945173415192,11.2,5.2,17.2,1000.4,14.6,80.1,54.5,97.7,147.7,12.9,7.7,18.2,12.2,3.7,33.9,177.8,0
AR,01-11-2022,Q4,nov,29,-3.1,790.88,1,-0.385807321621823,-0.751945173415192,15.9,9,22.7,997.4,19.2,77.5,51.5,96.7,45,17.5,12.7,22.3,15.9,3.1,27.7,168.7,0
AR,01-12-2022,Q4,dic,30,-1.5,745.28,0.3,-0.385807321621823,-0.751945173415192,16.4,8.6,24.1,997,21.8,71,42.8,95,24.1,20.4,12.4,28.3,17.3,3.9,31.5,186.5,200910.08
AR,01-01-2023,Q1,ene,31,1.2,691.75,0.8,0.362599965738908,2.25627286257939,16.6,7.9,25.3,997.1,22.6,71.9,42.2,96.4,8.2,22.6,12,33.3,18,4,26.9,178.1,1557456.6
AR,01-02-2023,Q1,feb,32,-0.2,659.46,-0.1,0.362599965738908,2.25627286257939,17.4,8.4,26.3,996.4,20.1,67.9,36.9,94.6,5.1,22.8,11.6,34,18.3,3.9,29.9,171.4,2445396.04
AR,01-03-2023,Q1,mar,33,-1.7,666.5,1.1,0.362599965738908,2.25627286257939,14.9,8.1,21.6,996.7,12.8,80.7,53.2,97.4,73.5,17.1,11.3,22.8,16.9,2.6,27.2,166.4,200380.56
AR,01-04-2023,Q2,abr,34,-0.3,656.63,0.3,0.510701501413502,0.653581452083651,12.6,7.2,18,996.5,7.7,86.4,61.9,98.5,72.8,13.9,10,17.8,14.8,1.8,31.2,144.5,0
AR,01-05-2023,Q2,may,35,-0.3,647.22,0.1,0.510701501413502,0.653581452083651,9.5,4.5,14.4,998.4,6,88.7,65.6,98.8,152.6,9.9,6.5,13.3,11.6,2.3,35.5,163.2,0
AR,01-06-2023,Q2,jun,36,0.2,644.25,-0.2,0.510701501413502,0.653581452083651,8,3.6,12.4,997.7,4.1,89.7,68.7,99,283.2,10.7,6.4,15,9.4,3.5,39.6,162.4,0
AR,01-07-2023,Q3,jul,37,3.2,653.57,0.4,0.979790805012715,2.19203237568293,7.5,3.6,11.5,997.5,4,92,74.8,99.1,304.5,9.5,4.8,14.3,8.8,2.6,45,159,0
AR,01-08-2023,Q3,ago,38,0.4,691.63,0.1,0.979790805012715,2.19203237568293,7.7,3,12.3,997.7,6.3,87.1,62.5,98.6,285.1,8.5,3.2,13.7,9.3,3.1,39.6,166.1,0
AR,01-09-2023,Q3,sept,39,0.7,716.17,0.7,0.979790805012715,2.19203237568293,8.8,3.9,13.8,998.2,9.8,82.5,55.8,98.3,302.6,9.9,4,15.9,9.7,4.2,38.8,178.1,0
AR,01-10-2023,Q4,oct,40,1.8,753.91,0.4,-0.481429369840158,2.7227720841037,10.2,3.8,16.6,998.9,15.3,77.6,50.2,97.2,88.2,13.7,4.9,22.4,11.9,3.6,36.4,172.7,0
AR,01-11-2023,Q4,nov,41,1.6,709.97,0.7,-0.481429369840158,2.7227720841037,11.5,5.6,17.5,997.2,16.3,81.7,56.1,98.1,130.4,14.5,7,22,13.4,3.3,32.8,180.9,0
AR,01-12-2023,Q4,dic,42,-0.1,693.81,-0.5,-0.481429369840158,2.7227720841037,15.5,7.6,23.4,996.8,22.5,73.1,44.9,97.2,24.3,19.1,9.4,28.9,17.9,3.4,26.6,175.1,27613.44
AR,01-01-2024,Q1,ene,43,3.2,722.93,0.7,1.65562496088922,4.77677311330973,17.8,8.9,26.7,996.9,23.7,69.4,40,95.7,3.1,22.2,13.8,30.5,20.5,3.7,30.4,159.8,845866.6
AR,01-02-2024,Q1,feb,44,5.5,774.18,0.6,1.65562496088922,4.77677311330973,18.5,10.4,26.6,996.5,19.4,71.1,42.6,94.5,12.3,22.8,14.9,30.6,20.3,3.2,29.9,165.3,2717044.94
AR,01-03-2024,Q1,mar,45,1.6,774.46,0.4,1.65562496088922,4.77677311330973,13.9,6.6,21.2,997.7,14.3,78.4,47.8,97.6,97.5,16.6,11,22.3,17.3,2.3,24.2,142.2,597685.53
AR,01-04-2024,Q2,abr,46,4,762.46,0.5,-0.422323243392042,1.23294172890012,11.7,6.6,16.7,996.8,7.7,84.2,62.1,96.2,189.2,12.8,7.6,18,14.4,1.9,28.8,155.7,315573.97
AR,01-05-2024,Q2,may,47,0.4,715.99,0.3,-0.422323243392042,1.23294172890012,7.1,2.2,12.1,998.8,5.5,89.4,65.3,99.3,180.4,7.3,2.2,12.5,8.6,1.5,29.3,113.4,0
AR,01-06-2024,Q2,jun,48,-0.7,719.99,-0.1,-0.422323243392042,1.23294172890012,8.7,5.3,12,994.9,3.4,89.2,70.5,98.5,541.9,8.6,5.4,11.8,9.6,3.3,35.8,131.3,0
AR,01-07-2024,Q3,jul,49,4,727.27,0.7,1.47016729573894,3.27304598861544,6.1,1.4,10.7,1002.4,5.4,84.4,62.3,97.7,89.2,5.7,0.9,10.4,6.2,2.5,41.5,119.9,0
AR,01-08-2024,Q3,ago,50,1.9,715.39,0.3,1.47016729573894,3.27304598861544,7.5,2.3,12.8,1001.3,7.7,84.8,57.6,98.6,127.4,7.8,2.5,13.1,8.2,2.7,52,111.3,0
AR,01-09-2024,Q3,sept,51,0.2,707.51,0.1,1.47016729573894,3.27304598861544,8.4,3.3,13.4,999,9,85.6,60.6,98.8,178.3,9,4.6,13.3,9.9,3.3,32.3,156.5,0
AR,01-10-2024,Q4,oct,52,2.6,710.9,1,0.363076285070063,2.72379755961769,12.5,5.5,19.6,998.7,16.3,78.9,51.4,97.6,39.1,13.4,8.1,18.6,13,2.5,23.4,149.7,0
AR,01-11-2024,Q4,nov,53,2.3,744.48,0.2,0.363076285070063,2.72379755961769,12.6,5.8,19.5,998.6,17.8,79.3,51.4,97.8,96.9,15.1,8.5,21.7,14.2,2.8,25.8,162.4,111582.96
AR,01-12-2024,Q4,dic,54,6.8,750.97,-0.2,0.363076285070063,2.72379755961769,15.4,7.6,23.3,997.8,21.3,74.2,45.3,96.8,11.1,19.3,9.8,28.7,16.8,2.8,23.7,164.7,617919.37
AR,01-01-2025,Q1,ene,55,2.3,765.23,1.1,0.363076285070063,2.72379755961769,17.4,8.3,26.5,1011.8,23,71.9,39.1,96.6,24.3,21.8,10.8,32.9,20.6,2.8,24.8,153.1,1164654.41
AR,01-02-2025,Q1,feb,56,-0.1,716.88,0.4,0.363076285070063,2.72379755961769,16.2,7.5,24.9,1011.1,19.6,72.3,43,96.3,6.8,20.5,9.9,31,19.4,2.6,26.1,143.6,1234007.63
BI,01-07-2020,Q3,jul,1,-11.9,776.32,0.1,4.88545318780973,-9.31274912752831,7.7,3.6,11.9,1020.6,5.4,89.4,68.1,99.3,220.6,7.1,3,11.2,7.4,7.9,46.9,153.1,0
BI,01-08-2020,Q3,ago,2,-11.2,772.04,0.1,4.88545318780973,-9.31274912752831,8.5,3.6,13.5,1021.5,10,82.4,56.5,97.9,76.3,8.2,2.8,13.6,7.9,9.3,45.5,156.6,0
BI,01-09-2020,Q3,sept,3,-5.3,756.58,0.6,4.88545318780973,-9.31274912752831,10.4,4.2,16.6,1021,13.4,78.7,49.4,97.3,31.1,10.4,3.3,17.4,9.8,7.9,45.5,182.1,0
BI,01-10-2020,Q4,oct,4,-1.5,767.24,0.7,6.84806540342533,-0.608860969740199,12.7,4.7,20.7,1018.9,21.7,71,38.2,96.1,38.1,12.8,4,21.6,12.1,7.8,36.6,180.8,34038.37
BI,01-11-2020,Q4,nov,5,0.9,737.65,-0.1,6.84806540342533,-0.608860969740199,16,7.8,24.2,1017.1,24.8,69.4,38.9,93.8,0.2,16.9,7.6,26.1,16,7.3,31.5,190.9,6066.1
BI,01-12-2020,Q4,dic,6,0.5,705.29,0.3,6.84806540342533,-0.608860969740199,17.8,9.2,26.4,1015.4,26.4,63.6,32.2,92.6,10.4,19.8,8.9,30.6,18.3,7.7,28.8,181.9,1193957.32
BI,01-01-2021,Q1,ene,7,-3.5,689.91,0.7,3.7854565494801,1.86878516937812,19.9,11.2,28.7,1013.1,24.9,58.6,28.1,88.6,36.4,21.7,10.7,32.6,20.5,9.2,33.9,190,4918343.416
BI,01-02-2021,Q1,feb,8,-2,684.77,0.2,3.7854565494801,1.86878516937812,19.7,11.1,28.2,1013.1,21,66.2,34.5,93.5,3,21.4,10.7,32.1,20.2,6.8,33.7,192,3531893.57
BI,01-03-2021,Q1,mar,9,6.8,684.31,0.4,3.7854565494801,1.86878516937812,18.2,10,26.4,1014.3,17.1,68.1,36.4,94.7,4.6,19.7,9.4,30.1,19,6.7,31.8,173.7,1146044.19
BI,01-04-2021,Q2,abr,10,15.2,661.58,0.4,1.09013993689875,15.7473372161175,14.6,7.9,21.2,1016.6,7.9,81.1,50.2,98.7,23.9,15.1,7,23.3,14.9,6.2,34.5,157.2,148869.96
BI,01-05-2021,Q2,may,11,19.5,661.79,0.3,1.09013993689875,15.7473372161175,10.5,5.2,15.8,1020.3,6.9,86.9,63,99.4,122.3,10.3,4.4,16.2,10.3,7,44.7,157.2,0
BI,01-06-2021,Q2,jun,12,20.4,671.87,0.1,1.09013993689875,15.7473372161175,8.8,4.3,13.3,1021.2,5.3,88.9,67.9,99.2,133.6,8.4,3.8,12.9,8.6,7.4,47.4,153.3,0
BI,01-07-2021,Q3,jul,13,17.3,691.56,0.8,4.06393384970571,12.1171266422047,7.2,1.6,12.8,1023.3,7.1,87.2,64.8,98.8,51.3,6.8,0.8,12.9,6.6,7.5,42.3,150.6,0
BI,01-08-2021,Q3,ago,14,17.9,716.74,0.4,4.06393384970571,12.1171266422047,9,4.5,13.5,1020.5,7.5,84.6,62.9,97.7,96.6,8.8,3.8,13.9,8.4,9.7,53.9,173.9,0
BI,01-09-2021,Q3,sept,15,13.4,716.33,1.2,4.06393384970571,12.1171266422047,10.8,4.5,17.2,1020.8,13.9,76.8,45.7,97.3,52.1,11.1,3.9,18.3,10.2,8.3,64.2,177.9,0
BI,01-10-2021,Q4,oct,16,13.2,742.45,1.3,2.05976446225848,7.61492847237839,13.2,6.4,20.1,1019.9,19.6,71.2,41.3,95.4,14.1,14.2,6.4,22,12.7,9.8,41.2,182.5,18447.84
BI,01-11-2021,Q4,nov,17,13.3,736.92,0.5,2.05976446225848,7.61492847237839,15.8,8.3,23.3,1017.5,23,70.6,39.9,94.1,5.3,17.7,8.1,27.4,16.4,8,39.3,187.9,84072.84
BI,01-12-2021,Q4,dic,18,8.6,769.21,0.8,2.05976446225848,7.61492847237839,19.2,10.6,27.8,1014,25.8,62.8,32.6,89.1,0.9,21.8,10.5,33.1,19.6,7.3,27.7,198.4,1116622.73
BI,01-01-2022,Q1,ene,19,7.4,737.93,1.2,-1.30965852873504,4.78455468718637,19,10.7,27.3,1014.4,23.7,64.2,32.8,93.1,8.7,21.6,10.3,32.9,20.3,7.2,32.3,197.1,4441995.75
BI,01-02-2022,Q1,feb,20,5.2,718.74,0.3,-1.30965852873504,4.78455468718637,19.5,10.6,28.3,1014.1,22.5,58.3,27.5,87.9,4.3,22.1,10.4,33.9,20.8,8.7,42,180.2,4961699.19
BI,01-03-2022,Q1,mar,21,5.7,706.66,1.9,-1.30965852873504,4.78455468718637,16.5,8.9,24,1016.9,18.2,65.5,32.8,91.9,26.7,18.4,8.2,28.5,17.5,9.6,42.8,175.1,1516742.32
BI,01-04-2022,Q2,abr,22,5.7,718.39,1.4,0.021980655971543,0.948605538585157,12.2,6.4,17.9,1017.8,10.6,80.4,54.4,96.7,147.3,12.6,5.5,19.7,12.7,9,49.9,181.2,3510
BI,01-05-2022,Q2,may,23,5.1,748.45,1.2,0.021980655971543,0.948605538585157,9.3,4.1,14.5,1021.2,7.2,85.4,61.8,97.8,84.8,9,3.3,14.7,9.1,6.3,49.3,129.9,0
BI,01-06-2022,Q2,jun,24,2.7,752.62,0.9,0.021980655971543,0.948605538585157,8.3,4.8,11.7,1020.4,4,91.1,75.4,98.7,210.7,7.8,4.2,11.4,8,5.8,50.9,111.6,30095.2
BI,01-07-2022,Q3,jul,25,0.1,833.2,1.4,-0.402457466175299,2.94769133679187,7.5,4.1,10.9,1019.8,4.8,90.6,73.4,98.7,214,6.9,3.4,10.4,7.1,7.7,53.6,127.4,0
BI,01-08-2022,Q3,ago,26,1.3,790.79,1.2,-0.402457466175299,2.94769133679187,8.8,4.1,13.5,1022,8.4,85.4,62.9,97.9,142.4,8.5,3.5,13.6,8.2,8.3,60.1,146.9,5184
BI,01-09-2022,Q3,sept,27,0.8,803.24,0.9,-0.402457466175299,2.94769133679187,10.9,4.5,17.2,1021.8,14.2,76,46.6,96,21.3,11.5,4.3,18.6,10.4,6.3,36.9,143.5,0
BI,01-10-2022,Q4,oct,28,-1.6,833.92,0.5,-0.385807321621823,2.85853938077523,12.5,6,18.9,1020.3,16.4,69.3,48.3,90,61.5,13.2,6.1,20.2,12.5,8,40.9,176.1,2880
BI,01-11-2022,Q4,nov,29,-3.1,790.88,1,-0.385807321621823,2.85853938077523,17.5,9.8,25.1,1015.6,22.1,68.8,40.1,89.7,25.5,17.8,10.4,25.3,16.3,5.9,29.6,169.1,1800
BI,01-12-2022,Q4,dic,30,-1.5,745.28,0.3,-0.385807321621823,2.85853938077523,18.9,10.4,27.4,1014.6,25.6,59.7,31.5,87.2,13.3,20.9,11.4,30.4,18.5,6.9,32,173.3,1065817.41
BI,01-01-2023,Q1,ene,31,1.2,691.75,0.8,0.362599965738908,3.92069345146058,20.2,10.6,29.7,1014.1,27,55.4,23.3,86.7,5.8,23.5,12,34.9,20.8,7.3,31.8,172.7,3056988.35
BI,01-02-2023,Q1,feb,32,-0.2,659.46,-0.1,0.362599965738908,3.92069345146058,20.4,11,29.8,1013,21.6,51.1,20.8,81.9,0,23.5,11,36.1,21.5,8.8,37.4,160.7,2028404.15
BI,01-03-2023,Q1,mar,33,-1.7,666.5,1.1,0.362599965738908,3.92069345146058,17.9,9.4,26.4,1014.9,15.7,62.5,29.6,91.6,9.3,20.5,9.2,31.9,19.5,6.7,38.8,131.4,170912.8
BI,01-04-2023,Q2,abr,34,-0.3,656.63,0.3,0.510701501413502,7.55878985668101,15,8.7,21.3,1016.3,9.9,73.7,45.3,93,72.5,15.7,7.5,23.9,15.4,4.6,51.7,107.3,0
BI,01-05-2023,Q2,may,35,-0.3,647.22,0.1,0.510701501413502,7.55878985668101,10.6,5.3,16,1019.6,7.2,82,56.3,96.1,100.4,10.5,4.5,16.7,10.5,5.8,47.2,122.9,0
BI,01-06-2023,Q2,jun,36,0.2,644.25,-0.2,0.510701501413502,7.55878985668101,9.4,5.1,13.7,1020,4.8,85.6,65.5,95.5,167.5,8.9,4.3,13.4,9.1,8.2,56.3,158.3,0
BI,01-07-2023,Q3,jul,37,3.2,653.57,0.4,0.979790805012715,8.05260753770278,8.4,3.9,12.9,1020.3,5.3,87.4,66.5,96.4,185.2,7.9,3.3,12.5,8.1,5.7,47.4,124.5,0
BI,01-08-2023,Q3,ago,38,0.4,691.63,0.1,0.979790805012715,8.05260753770278,8.9,4.2,13.6,1020,7.3,82.5,58.3,95.7,163.9,8.7,3.7,13.6,8.9,8.1,52.6,173.1,0
BI,01-09-2023,Q3,sept,39,0.7,716.17,0.7,0.979790805012715,8.05260753770278,10,5.2,14.8,1020,11.2,78.9,56.5,93.8,126.8,10.1,4.8,15.4,9.9,9.1,46.6,178.9,3
BI,01-10-2023,Q4,oct,40,1.8,753.91,0.4,-0.481429369840158,3.97178220372059,12,5.3,18.6,1018.7,17.8,68.8,40.2,91.2,46,12.9,5.3,20.5,12.1,10.4,59,193.3,0
BI,01-11-2023,Q4,nov,41,1.6,709.97,0.7,-0.481429369840158,3.97178220372059,13.9,7.1,20.8,1016.9,21.2,70.1,40.6,92.2,66.5,15.5,7.6,23.3,14.3,9.8,45,206,10216.4
BI,01-12-2023,Q4,dic,42,-0.1,693.81,-0.5,-0.481429369840158,3.97178220372059,17.2,8.9,25.4,1014.7,25,63.2,33.9,89.7,2.1,20,9.5,30.5,18.1,8.8,37.2,197.8,203552.88
BI,01-01-2024,Q1,ene,43,3.2,722.93,0.7,1.65562496088922,5.58144083526648,20.4,11.1,29.7,1013.9,25.2,56.8,27.5,86.4,0,23.4,11.9,34.9,21.4,4.9,26.6,182.3,4023755.9
BI,01-02-2024,Q1,feb,44,5.5,774.18,0.6,1.65562496088922,5.58144083526648,20.2,10.7,29.8,1014.7,20.6,60.8,28.9,90.1,0,22.9,11.6,34.3,21.5,3.2,22.9,169.2,2305957.96
BI,01-03-2024,Q1,mar,45,1.6,774.46,0.4,1.65562496088922,5.58144083526648,16.7,8.7,24.7,1016.7,16.1,65.8,35.4,90.6,62.7,18.3,9,27.5,17.9,3.3,23.9,160.8,353835.73
BI,01-04-2024,Q2,abr,46,4,762.46,0.5,-0.422323243392042,-0.551973990121801,12.1,5.7,18.5,1018.7,9.7,77.9,49,95.7,102.2,12.6,5.5,19.7,12.8,3.9,47.2,130.9,83695.32
BI,01-05-2024,Q2,may,47,0.4,715.99,0.3,-0.422323243392042,-0.551973990121801,7.3,1.9,12.8,1022.5,5.9,84.6,60.9,96.1,145.2,6.9,1.3,12.5,7.2,4.5,44.2,131.7,0
BI,01-06-2024,Q2,jun,48,-0.7,719.99,-0.1,-0.422323243392042,-0.551973990121801,8.9,5.6,12.2,1019,3.4,86.9,68.5,95.7,354.2,8.4,5.3,11.5,8.7,9.5,53.9,138.7,0
BI,01-07-2024,Q3,jul,49,4,727.27,0.7,1.47016729573894,3.52146197392191,5.9,0.3,11.5,1025.5,6,80.9,57.6,93.9,12.8,5.4,-0.6,11.5,5.2,7.5,49.6,159.1,0
BI,01-08-2024,Q3,ago,50,1.9,715.39,0.3,1.47016729573894,3.52146197392191,7.8,2.6,13,1024,7.5,80.7,55.8,95.9,120.9,7.7,2.1,13.3,7.3,8,70.7,158.9,0
BI,01-09-2024,Q3,sept,51,0.2,707.51,0.1,1.47016729573894,3.52146197392191,10.1,4.9,15.3,1021.4,10.2,77,49.6,94.8,83.8,10.4,4.4,16.4,9.7,9,50.1,200.6,0
BI,01-10-2024,Q4,oct,52,2.6,710.9,1,0.363076285070063,1.75765534032115,14,7.3,20.7,1018.9,14.6,73.8,45.8,93.5,37,14.6,7.1,22.1,13.4,7.8,35.5,191.9,0
BI,01-11-2024,Q4,nov,53,2.3,744.48,0.2,0.363076285070063,1.75765534032115,14.4,7.2,21.6,1018.9,17.5,70.7,41.6,93.4,34.9,15.9,7.5,24.4,15.3,6.6,33.4,197.3,1038
BI,01-12-2024,Q4,dic,54,6.8,750.97,-0.2,0.363076285070063,1.75765534032115,17.7,8.8,26.6,1016.3,23.6,61.4,31.7,89.3,0.8,20.3,9,31.6,18.3,6.8,27.7,188.9,342379.6
BI,01-01-2025,Q1,ene,55,2.3,765.23,1.1,0.363076285070063,1.75765534032115,20.7,10.3,31.1,1014.4,22.5,52,22.4,83.8,1.6,23.9,11.3,36.5,21.3,7,28.5,190.8,2266216.62
BI,01-02-2025,Q1,feb,56,-0.1,716.88,0.4,0.363076285070063,1.75765534032115,19.9,10.7,29.1,1014.4,20.5,55.1,22.5,85.5,0,22.4,10.7,34,20.5,9,35.3,188,1853186.95
NB,01-07-2020,Q3,jul,1,-11.9,776.32,0.1,4.88545318780973,-4.84895879258642,7.9,3.3,12.5,997.6,5.7,86.7,64.5,97.9,163.4,6.8,0.8,12.8,8.8,5.5,49,80.7,0
NB,01-08-2020,Q3,ago,2,-11.2,772.04,0.1,4.88545318780973,-4.84895879258642,8.3,2.3,14.3,998,10.1,79.9,52.1,96.4,87.4,8,-0.7,16.8,8.7,6.5,50.9,130.5,0
NB,01-09-2020,Q3,sept,3,-5.3,756.58,0.6,4.88545318780973,-4.84895879258642,10.4,3.1,17.7,997.7,14.1,76.6,46.9,97.2,27.5,9,-0.3,18.3,10.6,5.1,39.1,135,0
NB,01-10-2020,Q4,oct,4,-1.5,767.24,0.7,6.84806540342533,3.35887469206175,12.6,3.5,21.7,996.1,21.2,69,34.9,95,23.8,11.1,0.1,22.2,12.8,5.1,33.4,161.4,0
NB,01-11-2020,Q4,nov,5,0.9,737.65,-0.1,6.84806540342533,3.35887469206175,16.3,7.3,25.3,995.1,24.5,67.3,34.8,94.2,0.2,15.1,3.5,26.6,16.1,4.7,30.1,177.5,51849.32
NB,01-12-2020,Q4,dic,6,0.5,705.29,0.3,6.84806540342533,3.35887469206175,17.9,8.1,27.7,993.5,27.3,61,27.4,92.5,15.5,16.3,5.2,27.5,17,5.5,27.5,172.9,1512279.87
NB,01-01-2021,Q1,ene,7,-3.5,689.91,0.7,3.7854565494801,0.610015748564607,19.7,9.7,29.7,991.6,26.5,58.6,26.6,89.9,114.5,17.2,7,27.4,18,4.5,30.4,166.2,5448946.77
NB,01-02-2021,Q1,feb,8,-2,684.77,0.2,3.7854565494801,0.610015748564607,19.1,9.7,28.5,991.8,21.4,70,35.4,95.8,0.1,16.7,7.5,26,18,2.7,24.8,135.1,5301531.55
NB,01-03-2021,Q1,mar,9,6.8,684.31,0.4,3.7854565494801,0.610015748564607,17.2,7.5,26.8,992.5,17.4,70.4,35.4,96.4,3.1,15.1,5.4,24.7,16.4,2.4,27.5,113.2,1873104.76
NB,01-04-2021,Q2,abr,10,15.2,661.58,0.4,1.09013993689875,21.0718930576539,13.7,5.2,22.1,993.8,11.1,78.6,44.4,97.9,36.1,11.7,3.6,19.7,13.8,3.1,30.7,97.3,72845.94
NB,01-05-2021,Q2,may,11,19.5,661.79,0.3,1.09013993689875,21.0718930576539,9.6,3.1,16.1,997,6.7,87.8,62.6,99.4,114,8.3,1.8,14.8,10.8,3,34.7,72.8,0
NB,01-06-2021,Q2,jun,12,20.4,671.87,0.1,1.09013993689875,21.0718930576539,8.8,3.6,14,997.5,5.4,88.5,64.8,98.4,50.8,8.5,1.3,15.8,10.2,3.9,40.7,78.1,0
NB,01-07-2021,Q3,jul,13,17.3,691.56,0.8,4.06393384970571,14.2852870333108,6.8,0.9,12.7,998.4,6.6,87.7,64.6,99.4,95.4,7.1,-1.6,15.9,8,4.1,42,100.8,38080
NB,01-08-2021,Q3,ago,14,17.9,716.74,0.4,4.06393384970571,14.2852870333108,8.6,3,14.2,997,7.3,84.4,59.5,99.1,95.6,7.8,0.2,15.4,9,4.6,56.6,82.6,1800
NB,01-09-2021,Q3,sept,15,13.4,716.33,1.2,4.06393384970571,14.2852870333108,10.3,2.8,17.8,997.4,12.8,77.6,44.8,98.4,95.6,8.6,-0.5,17.7,10.4,3.9,52.3,115.3,10472
NB,01-10-2021,Q4,oct,16,13.2,742.45,1.3,2.05976446225848,13.9140355784104,13,4.8,21.2,996.5,17.5,69.6,38.1,96,24.8,11.5,1.6,21.3,12.8,5.5,38.8,156.9,0
NB,01-11-2021,Q4,nov,17,13.3,736.92,0.5,2.05976446225848,13.9140355784104,16,6.7,25.2,994.9,21,66.2,32.8,94.3,6,14.6,3.3,25.9,15.5,4.5,39.6,165.6,3392.4
NB,01-12-2021,Q4,dic,18,8.6,769.21,0.8,2.05976446225848,13.9140355784104,19.3,9.3,29.3,992.3,23.5,59.2,26.9,91.1,13,16.3,5.4,27.3,17.6,3.7,36.4,149.7,1847910.96
NB,01-01-2022,Q1,ene,19,7.4,737.93,1.2,-1.30965852873504,8.61485693791946,19.1,9,29.2,992.8,23.2,60.1,26.2,92.4,1.6,16.5,5.8,27.2,18.3,3.7,31.5,156.2,4387479.9293
NB,01-02-2022,Q1,feb,20,5.2,718.74,0.3,-1.30965852873504,8.61485693791946,19,8.3,29.7,992.5,21.8,56.4,22.2,89.8,9.5,15.7,4.9,26.6,17.8,4.6,37.2,149.6,4653469.03
NB,01-03-2022,Q1,mar,21,5.7,706.66,1.9,-1.30965852873504,8.61485693791946,16.3,6.6,26,993.7,18,60.6,25.6,91.6,9.9,14,3,25.1,16.3,5.5,39.3,150.7,2360609.4
NB,01-04-2022,Q2,abr,22,5.7,718.39,1.4,0.021980655971543,4.64539227166256,11.8,3.9,19.7,994.6,10.5,76.1,44.4,96.6,142.6,9.2,-0.4,18.7,13.2,5.2,43.4,113.3,48107.98
NB,01-05-2022,Q2,may,23,5.1,748.45,1.2,0.021980655971543,4.64539227166256,8.5,2.7,14.3,996.9,6.5,87.6,63.4,99.2,109.6,6.4,-0.9,13.7,10.6,2.9,45.5,93.8,15667.2
NB,01-06-2022,Q2,jun,24,2.7,752.62,0.9,0.021980655971543,4.64539227166256,8.1,3.8,12.3,996.7,4.3,88.1,69.5,97.7,185.9,6.2,0.6,11.8,9.2,4.3,53.9,66,10296
NB,01-07-2022,Q3,jul,25,0.1,833.2,1.4,-0.402457466175299,2.73703538418402,7.5,3.3,11.7,996.4,4.9,88.5,69.5,99.6,226.4,6,0.4,11.5,8.3,5.4,42.8,73.4,0
NB,01-08-2022,Q3,ago,26,1.3,790.79,1.2,-0.402457466175299,2.73703538418402,8.7,2.8,14.5,998,8.1,84.6,58.4,98.8,121.8,6.7,-0.6,13.9,8.8,4.7,44.2,109.6,0
NB,01-09-2022,Q3,sept,27,0.8,803.24,0.9,-0.402457466175299,2.73703538418402,10.7,3.6,17.8,998.3,13.2,77.4,46.7,97.4,68.4,8.8,0.2,17.4,10.4,3.7,30.4,128.8,0
NB,01-10-2022,Q4,oct,28,-1.6,833.92,0.5,-0.385807321621823,-1.57731079303852,12.5,4.8,20.2,997.1,16.8,73.3,43,94.9,18.7,11.1,2.1,20.2,12.9,5,43.4,144.4,0
NB,01-11-2022,Q4,nov,29,-3.1,790.88,1,-0.385807321621823,-1.57731079303852,17.9,9.3,26.5,993.5,21.7,67.6,35.8,93.7,25.7,15.4,6.8,24,16.3,4.3,33.4,133.8,26061.24
NB,01-12-2022,Q4,dic,30,-1.5,745.28,0.3,-0.385807321621823,-1.57731079303852,19.4,9.7,29,992.5,18.3,57.6,27,88.2,0,17.2,7.3,27.1,18,5.5,34.7,171.8,1228212.58
NB,01-01-2023,Q1,ene,31,1.2,691.75,0.8,0.362599965738908,-3.06456416438931,20.1,9.9,30.3,992.3,25.5,56.2,23.3,88.1,7.4,17.6,8.3,27,18.5,4.1,30.4,169.9,4960959.2334
NB,01-02-2023,Q1,feb,32,-0.2,659.46,-0.1,0.362599965738908,-3.06456416438931,19.8,8.6,31.1,991,20.7,53.8,20.8,87.5,0,16.5,6.5,26.6,18.3,4.5,33.4,151.2,3112959.77
NB,01-03-2023,Q1,mar,33,-1.7,666.5,1.1,0.362599965738908,-3.06456416438931,18,7.1,28.9,992.5,15.9,59.5,23.5,91.1,2.2,15,3.3,26.7,17.2,4.1,29.9,151.9,447493.98
NB,01-04-2023,Q2,abr,34,-0.3,656.63,0.3,0.510701501413502,-3.33119751186131,14.1,5.7,22.6,993.4,10.4,71.8,39.8,94.5,41.1,11.7,2.3,21.1,14.5,3.8,53.6,123.8,0
NB,01-05-2023,Q2,may,35,-0.3,647.22,0.1,0.510701501413502,-3.33119751186131,10.2,4.2,16.2,995.7,7,84.2,59.1,98.6,98.4,8.4,1.7,15,11.9,4.3,45.3,93.4,0
NB,01-06-2023,Q2,jun,36,0.2,644.25,-0.2,0.510701501413502,-3.33119751186131,9.6,4.8,14.3,996.4,5.2,89,68.4,99.1,285,8.2,2.7,13.7,10.9,5.3,46.6,104,0
NB,01-07-2023,Q3,jul,37,3.2,653.57,0.4,0.979790805012715,-1.10778061163938,8.8,4.2,13.4,996.3,5.9,88.5,66,98.8,177.4,7.4,2,12.7,9.6,4,42.3,74.7,0
NB,01-08-2023,Q3,ago,38,0.4,691.63,0.1,0.979790805012715,-1.10778061163938,9.3,4.3,14.4,996.1,8.1,85,61,99.2,249,7.7,2,13.5,10.1,5.2,48,115,0
NB,01-09-2023,Q3,sept,39,0.7,716.17,0.7,0.979790805012715,-1.10778061163938,10.6,5.3,15.8,996.4,11.8,80,53.9,97.3,227.1,9.3,3.3,15.2,11,5.8,38.8,132.6,0
NB,01-10-2023,Q4,oct,40,1.8,753.91,0.4,-0.481429369840158,0.459764375582772,12.4,4.8,20,995.4,18.5,70.3,38.9,95.2,58.5,10.9,1.8,20.1,13.2,5.1,43.9,174.4,3783.72
NB,01-11-2023,Q4,nov,41,1.6,709.97,0.7,-0.481429369840158,0.459764375582772,14.2,6.8,21.6,994.3,22.3,70.2,40.2,93.6,61,13.2,5,21.3,15.2,5.1,39.3,160.6,3433.68
NB,01-12-2023,Q4,dic,42,-0.1,693.81,-0.5,-0.481429369840158,0.459764375582772,17.5,8.6,26.4,992.5,27.4,63.2,31.1,92.1,2,15.8,6.1,25.6,17.6,5,31.5,156.1,750409.6
NB,01-01-2024,Q1,ene,43,3.2,722.93,0.7,1.65562496088922,5.1267380814948,20.5,10,31.1,991.9,30,58.3,24.3,90.1,0,18.1,6.9,29.2,19.2,2.6,28.5,145.9,4116515.2
NB,01-02-2024,Q1,feb,44,5.5,774.18,0.6,1.65562496088922,5.1267380814948,20,9.7,30.2,992,24.6,60.8,26.9,91,0,17.6,7.2,28,19,3.7,32.3,140.9,5131382.12
NB,01-03-2024,Q1,mar,45,1.6,774.46,0.4,1.65562496088922,5.1267380814948,16.8,7.7,25.9,993.4,18.8,64.6,31.6,91.2,46.8,14.9,5.2,24.6,16.8,4,32.6,150.2,1085260.82
NB,01-04-2024,Q2,abr,46,4,762.46,0.5,-0.422323243392042,2.7480832774688,12.2,4.7,19.7,994.7,11.8,75.2,44.5,92.3,78,10.9,3.6,18.1,13.9,3.4,40.9,104.1,38080
NB,01-05-2024,Q2,may,47,0.4,715.99,0.3,-0.422323243392042,2.7480832774688,7.2,1,13.3,997,7.8,82.4,59,93.1,143.1,7.5,0.5,14.4,9.1,3.1,38.2,65.5,0
NB,01-06-2024,Q2,jun,48,-0.7,719.99,-0.1,-0.422323243392042,2.7480832774688,9.1,5.5,12.7,994.7,4.6,84.8,68,94.9,427.6,8.9,3.9,13.9,9.9,6.9,54.2,66.3,0
NB,01-07-2024,Q3,jul,49,4,727.27,0.7,1.47016729573894,1.15492828638473,5.2,-1,11.4,998.9,6.7,87.6,65.3,97.2,17.8,6.8,-3,16.7,6.9,3.3,42.6,92.6,0
NB,01-08-2024,Q3,ago,50,1.9,715.39,0.3,1.47016729573894,1.15492828638473,7.6,1.9,13.2,998.6,9.4,94.9,73.5,100,166.6,9.9,-1.7,21.5,8.8,4.7,57.7,81.3,0
NB,01-09-2024,Q3,sept,51,0.2,707.51,0.1,1.47016729573894,1.15492828638473,9.8,3.5,16.1,997,14,90.5,62.6,100,105.6,15.2,0.5,29.9,11.5,4.5,47.2,106.8,0
NB,01-10-2024,Q4,oct,52,2.6,710.9,1,0.363076285070063,5.04206338915441,14.1,6.8,21.3,995.1,19.8,89.9,61.6,100,22.8,20.2,4.6,35.8,15.4,3.2,32,114.2,0
NB,01-11-2024,Q4,nov,53,2.3,744.48,0.2,0.363076285070063,5.04206338915441,15,6.9,23,995.5,25.2,81,44.1,100,20.9,20.5,6.2,34.8,17.4,2.9,27.5,130.3,17544
NB,01-12-2024,Q4,dic,54,6.8,750.97,-0.2,0.363076285070063,5.04206338915441,18.2,9,27.4,993.2,29.3,74.4,34.6,100,0.6,22.5,7.8,37.3,19.5,3.5,30.1,146.8,1407320.38
NB,01-01-2025,Q1,ene,55,2.3,765.23,1.1,0.363076285070063,5.04206338915441,20.4,9.8,31,992,28.9,68.7,27.3,99.4,0,28.2,9,47.4,22.7,2.3,27.7,140.7,5002933.89
NB,01-02-2025,Q1,feb,56,-0.1,716.88,0.4,0.363076285070063,5.04206338915441,19.5,9,30.1,991.5,24.5,68.2,24.7,100,0.2,21.2,6.1,36.3,21.5,3.1,31,147.6,5302877.28
ML,01-07-2020,Q3,jul,1,-11.9,776.32,0.1,4.88545318780973,-3.26508153260605,7.7,3.8,11.6,971.5,4.9,91.6,71.6,99.5,39.4,8.9,6.1,11.6,9.8,2.9,36.9,107.8,7392
ML,01-08-2020,Q3,ago,2,-11.2,772.04,0.1,4.88545318780973,-3.26508153260605,8,2.2,13.8,950.7,8.9,83,56.2,97.8,69.8,9.3,5.5,13.2,10.2,4,31.2,141.7,0
ML,01-09-2020,Q3,sept,3,-5.3,756.58,0.6,4.88545318780973,-3.26508153260605,10.9,3.8,18,1005.4,13.2,77.4,46.4,97,36.1,11.8,8,15.7,13.7,3.2,37.2,118.4,985
ML,01-10-2020,Q4,oct,4,-1.5,767.24,0.7,6.84806540342533,13.0433882748279,13.5,4.8,22.2,1002.7,18.7,66.4,32.9,93.3,8,15,9.6,20.4,20.1,5.3,36.4,193.7,28034.52
ML,01-11-2020,Q4,nov,5,0.9,737.65,-0.1,6.84806540342533,13.0433882748279,17.2,8.3,26.2,940.4,17.5,60.8,29.6,90,0.1,20.9,14,27.8,28.4,5,30.1,186.4,366921.9
ML,01-12-2020,Q4,dic,6,0.5,705.29,0.3,6.84806540342533,13.0433882748279,18.9,9.1,28.6,1004.2,19.4,57.1,24.8,89.3,1.3,23.7,16.1,31.3,32,4.6,26.9,201.3,6325872.45
ML,01-01-2021,Q1,ene,7,-3.5,689.91,0.7,3.7854565494801,5.32049814765208,20.1,10.6,29.6,1000.1,19.6,59.5,28.4,90.4,7.7,25.4,17.6,33.2,33.3,3.1,35,161,18531941.25
ML,01-02-2021,Q1,feb,8,-2,684.77,0.2,3.7854565494801,5.32049814765208,19.3,10.7,28,1000.6,16.3,71.6,38.6,94.8,3.8,21.3,14.6,28,26.5,2,24.8,106.2,12057726.4273
ML,01-03-2021,Q1,mar,9,6.8,684.31,0.4,3.7854565494801,5.32049814765208,17.6,8.7,26.4,969.8,5.5,69.9,36.7,94.1,0.5,21,13.2,28.7,26.9,1.7,23.9,100.4,2933187.188
ML,01-04-2021,Q2,abr,10,15.2,661.58,0.4,1.09013993689875,15.6447655426794,13.8,6.2,21.3,974.4,5.1,79.6,47.6,95.8,15.7,16.5,10,23.1,19.6,2.1,24.5,108.5,71772.988
ML,01-05-2021,Q2,may,11,19.5,661.79,0.3,1.09013993689875,15.6447655426794,9.6,4.7,14.6,788.9,5.6,92.5,70.8,99.9,64.3,11.2,7.5,14.8,12.5,1.9,23.4,123.8,0
ML,01-06-2021,Q2,jun,12,20.4,671.87,0.1,1.09013993689875,15.6447655426794,8.2,4.1,12.2,1006.9,4.3,92.9,76.2,99.4,61.3,9.5,6.6,12.4,10.8,2.5,25.3,124.5,0
ML,01-07-2021,Q3,jul,13,17.3,691.56,0.8,4.06393384970571,9.56749722019432,6.1,1,11.2,1007.6,5.2,91.7,71.2,99.8,35.9,7.6,4.2,11,8.3,2.7,25,132.9,0
ML,01-08-2021,Q3,ago,14,17.9,716.74,0.4,4.06393384970571,9.56749722019432,8.1,3.1,13.1,1006.5,6.3,87,63.9,98.5,87.1,9.3,6.4,12.3,10.4,2.9,42.3,95.6,0
ML,01-09-2021,Q3,sept,15,13.4,716.33,1.2,4.06393384970571,9.56749722019432,10.7,3.6,17.8,1006.5,12.2,77.5,45.5,97,36.1,11.7,8,15.3,13.8,3.7,45.5,128.6,6508.62
ML,01-10-2021,Q4,oct,16,13.2,742.45,1.3,2.05976446225848,4.84475544013327,13.6,5.7,21.6,1005.4,16.8,68.2,36.2,93.6,17.6,15.1,9.5,20.7,18.8,4.5,32.6,172,21509.82
ML,01-11-2021,Q4,nov,17,13.3,736.92,0.5,2.05976446225848,4.84475544013327,16.8,7.9,25.7,1003.4,15.4,60.2,28.9,90.6,0.8,20.7,12.8,28.6,27.1,4.2,37.2,177,96657.16
ML,01-12-2021,Q4,dic,18,8.6,769.21,0.8,2.05976446225848,4.84475544013327,19.3,9.9,28.7,1001,12.6,58.3,27.8,89,0,23.9,16,31.8,31.3,2.4,24.8,118.5,5859884.28
ML,01-01-2022,Q1,ene,19,7.4,737.93,1.2,-1.30965852873504,3.10605106819326,19.5,9.9,29.2,1001.6,23.9,60.4,28.2,90.8,0,24.4,15.9,33,32.6,2.7,21.8,153.6,16374179.066
ML,01-02-2022,Q1,feb,20,5.2,718.74,0.3,-1.30965852873504,3.10605106819326,19.5,9.2,29.7,1000.5,16.7,61.8,26.6,92,13.2,24.1,15.4,32.8,30.8,2.6,32.8,135.8,14480781.567
ML,01-03-2022,Q1,mar,21,5.7,706.66,1.9,-1.30965852873504,3.10605106819326,16.4,7,25.7,1002.5,16,64.3,29.5,91.5,2.5,20.3,12,28.5,25.8,3.1,33.7,138.9,3912015.46
ML,01-04-2022,Q2,abr,22,5.7,718.39,1.4,0.021980655971543,3.04665215007378,12.2,4.7,19.7,1003.4,9.8,77.7,47.4,95.6,92.2,15,8.6,21.5,18.8,2.7,33.9,119.5,299260.2
ML,01-05-2022,Q2,may,23,5.1,748.45,1.2,0.021980655971543,3.04665215007378,7.9,3.9,11.8,1006.3,4.8,93.4,79.3,99.4,96.3,9.8,6.5,13.1,12,2.1,29.9,123.6,7174.44
ML,01-06-2022,Q2,jun,24,2.7,752.62,0.9,0.021980655971543,3.04665215007378,8,4,12,1006.1,4.2,90.9,72.4,98.8,111.3,8.9,6.1,11.8,9.9,2.1,29.6,98.4,1958.4
ML,01-07-2022,Q3,jul,25,0.1,833.2,1.4,-0.402457466175299,4.16030485259089,7.2,3.1,11.2,1006,4.7,90.2,72,99.1,130.7,8.1,5.2,10.9,9.1,2.8,40.7,91.4,0
ML,01-08-2022,Q3,ago,26,1.3,790.79,1.2,-0.402457466175299,4.16030485259089,8.2,3,13.3,1007.6,7.2,87.3,63.7,98.1,107.7,9.4,6.1,12.7,10.4,2.7,27.7,104.5,0
ML,01-09-2022,Q3,sept,27,0.8,803.24,0.9,-0.402457466175299,4.16030485259089,10.8,4.4,17.3,1007.4,12.5,79.6,49.3,97.3,36.3,11.7,7.7,15.7,13.7,2.9,27.7,131.1,285
ML,01-10-2022,Q4,oct,28,-1.6,833.92,0.5,-0.385807321621823,2.75554672962126,13.5,5.6,21.4,1004.1,15.5,67.6,37,91.7,1.7,14.6,9.3,19.9,18.4,4.3,33.1,163.1,50968.8
ML,01-11-2022,Q4,nov,29,-3.1,790.88,1,-0.385807321621823,2.75554672962126,18.5,9.9,27,1002.3,17.9,63.9,34.9,89.6,14.5,20.6,13.7,27.5,25.7,3.4,25.8,150.4,103656.6
ML,01-12-2022,Q4,dic,30,-1.5,745.28,0.3,-0.385807321621823,2.75554672962126,20.3,10.5,30.2,1001.1,19.1,56,25.3,87.4,0,24.6,16.1,33.1,31.8,4.1,30.1,183.6,5142011.55
ML,01-01-2023,Q1,ene,31,1.2,691.75,0.8,0.362599965738908,-1.78798836527581,20.8,10.7,30.9,1001.2,20.3,57.4,24.8,87.8,2.4,25.3,16.8,33.8,32.3,2.9,21.2,180.6,13871233.29
ML,01-02-2023,Q1,feb,32,-0.2,659.46,-0.1,0.362599965738908,-1.78798836527581,20.7,9.9,31.5,999,14.6,57.6,23.8,88.9,0,25.2,16.5,34,31.1,2.6,22,168.8,7865551.652
ML,01-03-2023,Q1,mar,33,-1.7,666.5,1.1,0.362599965738908,-1.78798836527581,18.6,8,29.3,1000,13.8,61.3,25.2,90.3,0,22.9,14.4,31.4,27.5,2.5,21.2,149.8,238778.12
ML,01-04-2023,Q2,abr,34,-0.3,656.63,0.3,0.510701501413502,1.78824406712035,14.4,6.3,22.4,1002,9,74,42.5,93.5,39.7,17.3,11,23.6,20.6,1.9,31.5,108.1,0
ML,01-05-2023,Q2,may,35,-0.3,647.22,0.1,0.510701501413502,1.78824406712035,9.9,4.9,15,1004.7,5.5,88.8,67.7,98.3,53.6,11.8,7.9,15.7,12.9,1.7,26.6,98.8,0
ML,01-06-2023,Q2,jun,36,0.2,644.25,-0.2,0.510701501413502,1.78824406712035,8.9,5.3,12.6,1005.8,4.1,93.9,79.6,99.4,187,10.1,7.5,12.8,11.3,2.8,30.7,113.6,0
ML,01-07-2023,Q3,jul,37,3.2,653.57,0.4,0.979790805012715,4.21603640335433,8.2,4.7,11.6,1005.6,4.3,94.3,81.1,99.4,98.3,9.2,6.9,11.5,10.5,2,29.1,103.8,0
ML,01-08-2023,Q3,ago,38,0.4,691.63,0.1,0.979790805012715,4.21603640335433,9.2,4.3,14.1,1004,6.9,87.1,66.1,97.9,259.9,10.1,7.2,13,11.6,3.5,31.5,119,0
ML,01-09-2023,Q3,sept,39,0.7,716.17,0.7,0.979790805012715,4.21603640335433,10.6,5.6,15.6,1005.5,10.4,82.5,58.2,96.5,138.2,11.3,8.3,14.3,13.7,3.5,34.2,148.6,0
ML,01-10-2023,Q4,oct,40,1.8,753.91,0.4,-0.481429369840158,3.5599133280299,12.8,5.5,20.1,1003.5,14.4,71.4,38.5,93.9,35.9,13.6,8.8,18.5,17.8,3.1,32.8,144.6,34126.02
ML,01-11-2023,Q4,nov,41,1.6,709.97,0.7,-0.481429369840158,3.5599133280299,15,7.7,22.3,1002.8,19.7,71.2,41.4,93.5,45.9,16.6,10.3,22.9,21.6,3.5,28.8,165.1,167158.8
ML,01-12-2023,Q4,dic,42,-0.1,693.81,-0.5,-0.481429369840158,3.5599133280299,18.1,8.8,27.4,1000.6,21.9,63.1,31.8,91.3,1.2,22,13.5,30.5,28.9,2,22.3,143,2828701.71
ML,01-01-2024,Q1,ene,43,3.2,722.93,0.7,1.65562496088922,5.67454586172886,21.3,10.1,32.4,999.9,23.6,61.5,26.8,91.9,0,25.5,16.2,34.8,32.7,1.2,21.2,131.7,17451829.33
ML,01-02-2024,Q1,feb,44,5.5,774.18,0.6,1.65562496088922,5.67454586172886,21,10.2,31.9,1000,20,65.7,30.2,93.3,0.2,25,16.6,33.4,32,1.2,20.2,121.3,8920857.1
ML,01-03-2024,Q1,mar,45,1.6,774.46,0.4,1.65562496088922,5.67454586172886,17.8,7.3,28.2,1001.6,15.8,69,31,94.7,12.4,21.3,13.9,28.6,27,0.8,17.5,101.7,1173874.88
ML,01-04-2024,Q2,abr,46,4,762.46,0.5,-0.422323243392042,0.799968596287326,13,4.9,21.1,1003.5,11,77.5,43.6,95.9,40.2,15.3,9.3,21.4,18.3,1,27.7,78.3,44473.55
ML,01-05-2024,Q2,may,47,0.4,715.99,0.3,-0.422323243392042,0.799968596287326,6.9,0.9,12.9,1006.1,7.2,87.4,62.3,98.3,71.8,8.6,4.9,12.2,10.8,1.2,23.7,80.7,0
ML,01-06-2024,Q2,jun,48,-0.7,719.99,-0.1,-0.422323243392042,0.799968596287326,8.4,4.9,12.1,1003.3,4.1,92.8,79.2,98.8,290.5,9.4,7.3,11.5,10.8,3.7,40.7,83.4,0
ML,01-07-2024,Q3,jul,49,4,727.27,0.7,1.47016729573894,1.62925761422759,4.6,-1.3,10.5,1008.1,6.6,88.6,68.8,98,3.8,5.9,2.3,9.5,7.1,1.2,30.7,88.7,0
ML,01-08-2024,Q3,ago,50,1.9,715.39,0.3,1.47016729573894,1.62925761422759,7.8,1.9,13.7,1008.1,8.8,83.7,57.8,96.9,109.9,8.6,5.6,11.5,9.8,2.9,39.1,99.8,0
ML,01-09-2024,Q3,sept,51,0.2,707.51,0.1,1.47016729573894,1.62925761422759,10.4,3.6,17.3,1006.3,13.2,77.6,48,97.1,75.3,11.2,7.4,14.9,13.2,2.7,39.1,125.6,0
ML,01-10-2024,Q4,oct,52,2.6,710.9,1,0.363076285070063,11.5256318510908,15.4,7.3,23.5,1003.9,17.7,74.9,44.6,95.5,12.4,15.7,10.9,20.6,19.1,1.9,23.4,111.1,3664
ML,01-11-2024,Q4,nov,53,2.3,744.48,0.2,0.363076285070063,11.5256318510908,17,7.6,26.5,1003.9,22.3,63.9,31.2,92,8.2,19.3,12,26.7,25.7,1.4,20.4,153.1,23064
ML,01-12-2024,Q4,dic,54,6.8,750.97,-0.2,0.363076285070063,11.5256318510908,19.7,8.5,30.8,1001.5,25,59.6,26.7,90.9,0,22.7,14.1,31.3,31.2,1.1,15,139.2,2937157.11
ML,01-01-2025,Q1,ene,55,2.3,765.23,1.1,0.363076285070063,11.5256318510908,21.8,9,34.5,996,25,61,25.2,93.3,0,20.8,8.6,32.9,33,0.8,16.1,124.8,12477792.59
ML,01-02-2025,Q1,feb,56,-0.1,716.88,0.4,0.363076285070063,11.5256318510908,20.3,7.6,33,995.5,22.3,63.8,25.2,94.7,0.5,18.3,6.9,29.6,31.3,0.6,16.4,112.3,8014611.63
LI,01-07-2020,Q3,jul,1,-11.9,776.32,0.1,4.88545318780973,-2.54893690876329,10.2,5.3,15.1,990.4,7,77.3,55.3,90.4,99.9,10.6,5.3,15.9,10.8,4.3,25.6,140.1,0
LI,01-08-2020,Q3,ago,2,-11.2,772.04,0.1,4.88545318780973,-2.54893690876329,10.7,4.3,17.1,990.3,12.2,68.5,41.9,87.5,16.6,11.4,4.9,18,11.6,5.9,28.5,137.9,0
LI,01-09-2020,Q3,sept,3,-5.3,756.58,0.6,4.88545318780973,-2.54893690876329,13.8,6.7,20.9,989.7,15.7,64.9,36.7,87.3,3.5,15,7,23,15.3,5.4,30.7,156.8,12019.62
LI,01-10-2020,Q4,oct,4,-1.5,767.24,0.7,6.84806540342533,4.33522911948963,16,7.4,24.6,988,22.6,56.7,29.1,83.5,0,18.1,8,28.2,20.7,5,31.8,167.6,98658.1
LI,01-11-2020,Q4,nov,5,0.9,737.65,-0.1,6.84806540342533,4.33522911948963,18.9,10,27.7,987.3,25.8,56.9,28.5,84,0.5,21.8,11,32.7,24.7,4.5,40.1,196.1,731942.48
LI,01-12-2020,Q4,dic,6,0.5,705.29,0.3,6.84806540342533,4.33522911948963,21,11.6,30.4,985.7,29.3,49.9,21.6,80,0,24.1,12.7,35.6,27.7,5.3,30.4,186.5,5074959.32
LI,01-01-2021,Q1,ene,7,-3.5,689.91,0.7,3.7854565494801,3.94744033319767,21.2,12.3,30.2,984.4,26.8,55.4,29.1,83.5,51.2,24.2,13.6,34.8,28.7,4.3,25,206.4,6616261.35
LI,01-02-2021,Q1,feb,8,-2,684.77,0.2,3.7854565494801,3.94744033319767,19.8,12.5,27.1,984.8,20.5,67.7,42.8,88.1,0.3,22.1,13.6,30.6,24.6,4,22,213.9,3012718.81
LI,01-03-2021,Q1,mar,9,6.8,684.31,0.4,3.7854565494801,3.94744033319767,19.2,11.1,27.3,985.4,18.6,64.4,36.7,87.3,0.2,21.5,12.3,30.8,25.2,4,23.7,206.8,1702337.46
LI,01-04-2021,Q2,abr,10,15.2,661.58,0.4,1.09013993689875,16.1676326946816,16,8.6,23.5,986.4,12.8,70,42.7,88.8,1.9,18,9.4,26.5,21,3.5,26.1,141.4,421206.68
LI,01-05-2021,Q2,may,11,19.5,661.79,0.3,1.09013993689875,16.1676326946816,13.1,6.6,19.6,989.4,8.6,73.7,47.2,90.1,13.3,14.5,7.4,21.7,16.1,4.1,26.6,105.7,27.24
LI,01-06-2021,Q2,jun,12,20.4,671.87,0.1,1.09013993689875,16.1676326946816,10.5,5.3,15.7,990.1,6,81.3,59.6,92.1,41,11.6,7,16.2,12.4,3.6,28.3,98.9,1000
LI,01-07-2021,Q3,jul,13,17.3,691.56,0.8,4.06393384970571,10.3250232508523,8.8,2,15.6,990.4,8.7,76.8,48,92.1,10.7,9.5,3.6,15.5,10,5.5,28.8,113,0
LI,01-08-2021,Q3,ago,14,17.9,716.74,0.4,4.06393384970571,10.3250232508523,10.8,5.3,16.2,990.2,8.4,75.9,52.5,90.4,137,11.1,6.8,15.5,11.7,4.6,32.3,162.1,0
LI,01-09-2021,Q3,sept,15,13.4,716.33,1.2,4.06393384970571,10.3250232508523,13.3,6.3,20.3,990,15.5,64.2,36.8,86.4,39.5,14.4,8.6,20.2,15.7,6,33.4,160.2,27092.34
LI,01-10-2021,Q4,oct,16,13.2,742.45,1.3,2.05976446225848,9.41372669776477,16.4,8.5,24.4,988.4,21.7,55.5,28.8,82.4,7.2,18.3,11.5,25.2,20.6,7,28.5,157.2,66959.75
LI,01-11-2021,Q4,nov,17,13.3,736.92,0.5,2.05976446225848,9.41372669776477,18.6,9.9,27.3,987,25.5,55.4,28.4,83.5,0,21.8,14.4,29.1,25.6,6,32.8,195,402343.032
LI,01-12-2021,Q4,dic,18,8.6,769.21,0.8,2.05976446225848,9.41372669776477,20.4,11.2,29.6,985.3,26.2,55.4,28.8,84.3,0,24.4,16.5,32.3,28.6,5.2,27.7,217.6,3049143.816
LI,01-01-2022,Q1,ene,19,7.4,737.93,1.2,-1.30965852873504,-1.04724060921513,21.2,11.9,30.5,985.7,26.9,53.5,26.6,82.2,0,25.5,17.6,33.4,29.9,4.9,28.3,214.6,5712235.48
LI,01-02-2022,Q1,feb,20,5.2,718.74,0.3,-1.30965852873504,-1.04724060921513,20.9,11.3,30.5,985.5,23.9,55.1,25.2,85.1,0,24.3,17.5,31.1,28.7,4.7,28.3,201.4,5664791.88
LI,01-03-2022,Q1,mar,21,5.7,706.66,1.9,-1.30965852873504,-1.04724060921513,18.9,10,27.9,986.1,18.8,55,27.9,81.7,0,22.2,15.6,28.8,25.3,5.3,30.4,167.7,3426870.85
LI,01-04-2022,Q2,abr,22,5.7,718.39,1.4,0.021980655971543,0.441848428129976,15.2,7.7,22.7,987.3,12.6,65.9,39.6,86.3,24.4,17.4,12.1,22.8,19.7,4.8,28.8,147.4,60693.12
LI,01-05-2022,Q2,may,23,5.1,748.45,1.2,0.021980655971543,0.441848428129976,11.2,6.3,16,989.3,7,79.6,58.4,91.1,13,12.4,9.4,15.4,13.9,4.5,24.8,132.1,7896
LI,01-06-2022,Q2,jun,24,2.7,752.62,0.9,0.021980655971543,0.441848428129976,9.7,4.5,15,989.6,6,79.8,55,91.9,36.1,10.1,7.1,13,10.7,3,40.1,127.4,125120.29
LI,01-07-2022,Q3,jul,25,0.1,833.2,1.4,-0.402457466175299,1.80245714938403,8.6,3.4,13.9,989.6,6.7,81,57.2,92.4,112.5,8.5,5.9,11.1,9,3.7,47.7,131.3,0
LI,01-08-2022,Q3,ago,26,1.3,790.79,1.2,-0.402457466175299,1.80245714938403,10.3,4.9,15.7,990.6,9,75.6,52.1,90.3,55,10.1,7.4,12.7,11.1,4,29.3,128.9,0
LI,01-09-2022,Q3,sept,27,0.8,803.24,0.9,-0.402457466175299,1.80245714938403,12.6,6.2,19.1,990.8,12.7,68.9,42.9,87.6,8.7,13.2,9.7,16.7,14.8,3.8,26.1,148.4,4131
LI,01-10-2022,Q4,oct,28,-1.6,833.92,0.5,-0.385807321621823,0.051303397946878,16.2,8.3,24.1,989,19.7,59.4,31.2,84.8,0.5,17.5,13,21.9,20.6,5.2,30.1,171.4,0
LI,01-11-2022,Q4,nov,29,-3.1,790.88,1,-0.385807321621823,0.051303397946878,19.4,10.9,27.9,986.2,22.4,57.5,32.6,82.6,0.3,21.9,17.1,26.7,25.4,4.3,28,200,802450.35
LI,01-12-2022,Q4,dic,30,-1.5,745.28,0.3,-0.385807321621823,0.051303397946878,22.3,12.8,31.8,984.9,26.8,48.8,22.7,79.3,0.4,25.9,20.2,31.7,29.9,5.3,28,186.1,4082492.89
LI,01-01-2023,Q1,ene,31,1.2,691.75,0.8,0.362599965738908,-0.359211524228531,22.2,12.4,32,985,25.8,51.8,24.4,82.7,0.1,26,20.2,31.9,30.1,5.1,27.2,212.1,8682124.38
LI,01-02-2023,Q1,feb,32,-0.2,659.46,-0.1,0.362599965738908,-0.359211524228531,22.9,12.8,33,983.5,23.3,49.5,22.5,79.7,0,26,20.1,31.8,29.7,4.9,26.9,182.2,10292860.7
LI,01-03-2023,Q1,mar,33,-1.7,666.5,1.1,0.362599965738908,-0.359211524228531,21.3,11.4,31.1,985,19.4,53.3,25.6,81.7,0,24.6,18.5,30.6,27.4,4.4,24.2,166.3,2198523.29
LI,01-04-2023,Q2,abr,34,-0.3,656.63,0.3,0.510701501413502,0.303478609409646,16.7,8.8,24.5,986.3,11.6,64.2,38.2,84.7,45.9,19.6,14.9,24.3,21.3,3.5,25.3,148.6,0
LI,01-05-2023,Q2,may,35,-0.3,647.22,0.1,0.510701501413502,0.303478609409646,12.6,6.9,18.3,988.3,8.4,76,53.1,89.8,30.7,13.4,10.7,16.2,14,4.5,24.2,114,0
LI,01-06-2023,Q2,jun,36,0.2,644.25,-0.2,0.510701501413502,0.303478609409646,11,6.3,15.6,989.7,5.7,80.8,61.5,91.3,165.2,11,9.2,12.9,11.6,4.2,31.2,136.4,0
LI,01-07-2023,Q3,jul,37,3.2,653.57,0.4,0.979790805012715,-0.594424758647616,10.7,6.1,15.3,989.1,6.3,80.3,59,90.9,74.2,10.2,8.4,12,10.8,4.4,33.9,123.9,0
LI,01-08-2023,Q3,ago,38,0.4,691.63,0.1,0.979790805012715,-0.594424758647616,12.1,6.9,17.3,989.1,9.2,75.6,52.1,89.7,236,11.5,8.7,14.4,12.1,4.9,33.7,140.2,0
LI,01-09-2023,Q3,sept,39,0.7,716.17,0.7,0.979790805012715,-0.594424758647616,12.6,7.4,17.8,989,11.3,73,51.7,88.3,85.9,12.6,9.5,15.6,13.9,3.9,29.6,136,0
LI,01-10-2023,Q4,oct,40,1.8,753.91,0.4,-0.481429369840158,-4.45224984500187,15.1,8.4,21.8,988,16.4,64.5,39.9,85.1,22.2,16.1,11.9,20.3,18.9,4.2,32,160.3,70910.8
LI,01-11-2023,Q4,nov,41,1.6,709.97,0.7,-0.481429369840158,-4.45224984500187,16.5,9.6,23.4,986.7,20.5,65.4,41.3,86.4,40.6,17.4,13.5,21.4,20.7,4.8,28.8,171,597060.14
LI,01-12-2023,Q4,dic,42,-0.1,693.81,-0.5,-0.481429369840158,-4.45224984500187,20.1,11.1,29.1,985.1,26.3,55.4,28,83.5,0.1,23.3,16.4,30.2,26.6,5.1,29.1,186.5,3097964.24
LI,01-01-2024,Q1,ene,43,3.2,722.93,0.7,1.65562496088922,3.07511947051979,22.5,12.8,32.3,984.8,27.3,54.3,26.4,83.6,0,26.2,18.8,33.6,29.6,4.2,22.6,199.5,10560701.41
LI,01-02-2024,Q1,feb,44,5.5,774.18,0.6,1.65562496088922,3.07511947051979,22.8,13.8,31.9,984.6,24.2,55.1,29.7,82.2,1.9,25.8,19.4,32.2,28,4.2,24.5,182.6,7245352.97
LI,01-03-2024,Q1,mar,45,1.6,774.46,0.4,1.65562496088922,3.07511947051979,20.6,11.5,29.7,985.5,20,53.7,27.7,80.7,0,23.5,16.7,30.3,25.3,4.3,32.6,136.2,405826.38
LI,01-04-2024,Q2,abr,46,4,762.46,0.5,-0.422323243392042,0.392628762447522,15.8,8.6,22.9,987.3,11.9,65.6,39.6,85.7,33.5,18.2,12.9,23.4,19.2,3.4,30.4,124.2,8991
LI,01-05-2024,Q2,may,47,0.4,715.99,0.3,-0.422323243392042,0.392628762447522,9.6,3.5,15.6,989.5,7.9,76.6,49.8,90.7,65.8,10.6,7,14.2,11.1,2.5,24.8,112.2,0
LI,01-06-2024,Q2,jun,48,-0.7,719.99,-0.1,-0.422323243392042,0.392628762447522,10.2,5.9,14.5,988.5,4.9,81.1,60.9,92,289.3,9.9,6.7,13.2,10.2,4,33.1,124,0
LI,01-07-2024,Q3,jul,49,4,727.27,0.7,1.47016729573894,1.65026783109896,7.7,1.8,13.6,990.7,8.2,76.7,52.8,90.6,0.9,8.3,1.9,14.8,7.9,5.1,26.6,102.5,0
LI,01-08-2024,Q3,ago,50,1.9,715.39,0.3,1.47016729573894,1.65026783109896,10.1,4.7,15.5,991.2,9.6,73.1,49.1,88.7,22.2,10.7,5.3,16,10.4,4.9,59.3,128.8,0
LI,01-09-2024,Q3,sept,51,0.2,707.51,0.1,1.47016729573894,1.65026783109896,13,6.4,19.5,989.3,14.1,65.2,40,85.6,23.1,14.4,7.7,21.2,14.9,5.6,30.4,136.2,0
LI,01-10-2024,Q4,oct,52,2.6,710.9,1,0.363076285070063,16.468969359082,16.7,9.5,23.9,987.5,18.6,66.2,40.4,88.4,12.3,18.3,11.2,25.4,20.2,5.5,30.4,175.4,0
LI,01-11-2024,Q4,nov,53,2.3,744.48,0.2,0.363076285070063,16.468969359082,18.5,9.9,27.1,987.4,23.9,53.6,27.7,80.9,1.2,21.2,12.5,29.8,25,5.6,30.1,166.7,53878.58
LI,01-12-2024,Q4,dic,54,6.8,750.97,-0.2,0.363076285070063,16.468969359082,20.9,11.6,30.3,985.6,27.9,51.7,24.6,81.1,0,23.2,14.1,32.3,28.3,5.6,30.1,201.2,5320358.69
LI,01-01-2025,Q1,ene,55,2.3,765.23,1.1,0.363076285070063,16.468969359082,22.9,13,32.9,984.9,27.8,49.5,23.1,79.7,0,25.6,16.1,35.1,31.2,5.4,27.2,211.5,16812858.53
LI,01-02-2025,Q1,feb,56,-0.1,716.88,0.4,0.363076285070063,16.468969359082,22.7,12.8,32.5,983.8,23.3,48.2,21.4,79.3,0,25.3,16,34.5,30.1,4.9,29.9,164.1,10112800.95
RM,01-07-2020,Q3,jul,1,-11.9,776.32,0.1,4.88545318780973,-12.502419465526,10.3,4.6,16.1,1003.2,8,84.8,57.8,98.3,89.4,9.7,4.9,14.6,6.5,1.2,20.2,88.3,0
RM,01-08-2020,Q3,ago,2,-11.2,772.04,0.1,4.88545318780973,-12.502419465526,9.9,3,16.7,1003.2,12.4,78,48.1,96.6,28.7,10.3,2.9,17.7,10.9,1.9,26.9,113.4,0
RM,01-09-2020,Q3,sept,3,-5.3,756.58,0.6,4.88545318780973,-12.502419465526,12,4.4,19.6,1002.7,16.2,75.4,45.4,96.4,3.4,13.3,4.8,21.8,14.1,2,20.2,135.9,0
RM,01-10-2020,Q4,oct,4,-1.5,767.24,0.7,6.84806540342533,-0.958215123938089,13.6,4.8,22.3,1001.4,22,70,40.2,93.9,0.5,15.9,6.4,25.5,17,2.2,21,160.1,20976.37
RM,01-11-2020,Q4,nov,5,0.9,737.65,-0.1,6.84806540342533,-0.958215123938089,16.1,8.1,24.2,1000.7,23.9,67.3,40.6,89.7,0,18.6,9.9,27.3,19.6,2.4,22.6,180.9,143295.54
RM,01-12-2020,Q4,dic,6,0.5,705.29,0.3,6.84806540342533,-0.958215123938089,18.1,9.4,26.8,999.1,28.2,61.2,34.1,87.1,0,21.4,11.7,31.1,22.9,2.8,23.7,185.1,1530810.46
RM,01-01-2021,Q1,ene,7,-3.5,689.91,0.7,3.7854565494801,0.73779431531571,18.6,10.9,26.3,998,25.2,67,40.4,88.8,50.7,22,13.2,30.9,23.9,2.6,24.5,183.4,3372359.8
RM,01-02-2021,Q1,feb,8,-2,684.77,0.2,3.7854565494801,0.73779431531571,17.7,11.4,23.9,998.2,18.8,76.1,52.1,93.5,0.2,20.5,13.4,27.5,21.7,1.7,19.9,158,2160770.75
RM,01-03-2021,Q1,mar,9,6.8,684.31,0.4,3.7854565494801,0.73779431531571,17,9.5,24.4,998.7,17.9,73.3,45.3,92.9,0.1,20,11.6,28.4,21.2,1.9,22.6,157.6,331950
RM,01-04-2021,Q2,abr,10,15.2,661.58,0.4,1.09013993689875,21.6019103646167,14.7,7.1,22.2,999.5,11.7,76.6,47.7,95,4.2,16.7,8.8,24.7,18,1.6,28.8,131.1,2176
RM,01-05-2021,Q2,may,11,19.5,661.79,0.3,1.09013993689875,21.6019103646167,12.4,4,20.8,1002,9.2,75.9,43.6,95.6,8.4,13.5,5.3,21.7,14.2,1.1,20.4,92.9,0
RM,01-06-2021,Q2,jun,12,20.4,671.87,0.1,1.09013993689875,21.6019103646167,10.4,3.7,17.1,1002.7,6.9,83.3,56.3,97.5,42.8,11.3,4.8,17.8,12.1,1,23.7,86.5,0
RM,01-07-2021,Q3,jul,13,17.3,691.56,0.8,4.06393384970571,20.6114279324518,8.4,0.9,15.9,1003.2,8.2,82.9,51.9,98.4,10.4,9.1,2,16.2,8.9,1.1,21,96.6,0
RM,01-08-2021,Q3,ago,14,17.9,716.74,0.4,4.06393384970571,20.6114279324518,10.1,4.1,16.1,1003.2,9.6,82,55.8,96.8,74.7,11.3,5.4,17.2,11.2,1.4,25.8,116.5,0
RM,01-09-2021,Q3,sept,15,13.4,716.33,1.2,4.06393384970571,20.6114279324518,11.4,3.5,19.4,1003,16,75.1,43.9,96.4,25,13.6,5.4,21.8,13.5,2.1,33.4,132.7,2160
RM,01-10-2021,Q4,oct,16,13.2,742.45,1.3,2.05976446225848,13.0861344913994,14.3,5.4,23.2,1001.5,22.5,66.6,36,92.1,5.4,17.1,7.7,26.6,17.7,2.2,22.6,156.8,39354.78
RM,01-11-2021,Q4,nov,17,13.3,736.92,0.5,2.05976446225848,13.0861344913994,16.6,8.4,24.7,1000.4,26.1,65.9,37.5,89.1,0,19.6,10.7,28.5,21,2.5,27.5,183.4,99873.88
RM,01-12-2021,Q4,dic,18,8.6,769.21,0.8,2.05976446225848,13.0861344913994,17.6,9.8,25.3,998.7,26.2,66.3,41.9,88.3,0,21,12.5,29.6,22.9,2.5,23.4,187.4,544975.86
RM,01-01-2022,Q1,ene,19,7.4,737.93,1.2,-1.30965852873504,7.69254482839852,18.7,10.5,27,999.1,26.8,60.8,36.5,83.9,0,22.5,13.1,31.9,24.5,2.5,29.3,176.3,403554.07
RM,01-02-2022,Q1,feb,20,5.2,718.74,0.3,-1.30965852873504,7.69254482839852,18.3,9.4,27.2,998.8,24,64.4,36.9,87.8,0,21.9,12,31.7,24.1,2.3,25.6,155.2,308260.74
RM,01-03-2022,Q1,mar,21,5.7,706.66,1.9,-1.30965852873504,7.69254482839852,17.3,8,26.6,999.1,18.8,61.7,33.2,86,0.1,20.3,10.2,30.4,22.3,1.8,22.3,144.1,181432.84
RM,01-04-2022,Q2,abr,22,5.7,718.39,1.4,0.021980655971543,6.58567691878986,14.3,6,22.7,1000.4,13.1,71.3,40.6,92.4,19.7,16.6,7.9,25.4,18.4,1.5,26.1,121.8,19822.68
RM,01-05-2022,Q2,may,23,5.1,748.45,1.2,0.021980655971543,6.58567691878986,11,4.3,17.8,1001.9,8,80.7,53.5,96.3,3.8,11.6,4.5,18.7,14,0.8,21.2,84.4,8247.49
RM,01-06-2022,Q2,jun,24,2.7,752.62,0.9,0.021980655971543,6.58567691878986,9.8,4.1,15.6,1002.4,6.6,85.3,59.2,97.2,74.7,10.1,4.3,15.8,10.9,1,28.3,67.6,0
RM,01-07-2022,Q3,jul,25,0.1,833.2,1.4,-0.402457466175299,0.851509091937741,8.4,2.4,14.4,1002.5,7.3,87.3,61.5,98.7,126.3,8.5,2.7,14.3,9.1,1.3,32.8,70,12553.2
RM,01-08-2022,Q3,ago,26,1.3,790.79,1.2,-0.402457466175299,0.851509091937741,9.5,2.9,16.2,1003.5,10.5,82.3,55.4,97.7,46.6,10,3.3,16.7,10.3,1.3,19.1,102,5184
RM,01-09-2022,Q3,sept,27,0.8,803.24,0.9,-0.402457466175299,0.851509091937741,10.8,3.9,17.7,1003.8,13.5,79.7,52.9,96.4,9.8,11.8,4.4,19.1,11.9,1.5,23.1,118.1,9841.5
RM,01-10-2022,Q4,oct,28,-1.6,833.92,0.5,-0.385807321621823,-3.44083751573695,13.9,5.5,22.2,1002.1,20.4,69.8,41.7,93,0.5,16.6,6,27.3,16.1,2,23.9,147.7,2317.5
RM,01-11-2022,Q4,nov,29,-3.1,790.88,1,-0.385807321621823,-3.44083751573695,16.5,8.8,24.2,999.7,21.4,69.7,44,91.5,0.7,19.3,9.6,29.1,20.2,2.3,23.9,175.8,34227.72
RM,01-12-2022,Q4,dic,30,-1.5,745.28,0.3,-0.385807321621823,-3.44083751573695,19.3,9.9,28.8,998.1,27.3,59.4,33.4,86.1,1.7,23.2,11.1,35.3,24,2.8,25,168.9,95025.1
RM,01-01-2023,Q1,ene,31,1.2,691.75,0.8,0.362599965738908,0.222140532320036,18.7,10.5,27,998.6,26.5,64.6,39,88,0,23.5,12.1,34.9,24.5,2.6,27.5,180,194848.7
RM,01-02-2023,Q1,feb,32,-0.2,659.46,-0.1,0.362599965738908,0.222140532320036,19.4,10.1,28.8,996.9,23.5,63.5,34.7,88.1,0.1,24.1,11.8,36.4,24.5,2.1,21.5,157.4,304932.46
RM,01-03-2023,Q1,mar,33,-1.7,666.5,1.1,0.362599965738908,0.222140532320036,18.8,9,28.6,998.2,19.4,66.9,34.1,90.2,0.1,23.4,10.8,36.1,23.3,1.9,20.4,147.9,18
RM,01-04-2023,Q2,abr,34,-0.3,656.63,0.3,0.510701501413502,-0.0787838183963774,15.7,7.4,24,999.2,11.6,71.6,41.6,91.4,34.8,19,8.9,29.1,19.5,1.4,25.3,122.8,30
RM,01-05-2023,Q2,may,35,-0.3,647.22,0.1,0.510701501413502,-0.0787838183963774,12.6,5.6,19.5,1000.8,8.3,81.3,52.5,97.3,48.6,13.7,6.6,20.9,14.2,0.9,20.4,77.4,10
RM,01-06-2023,Q2,jun,36,0.2,644.25,-0.2,0.510701501413502,-0.0787838183963774,11.1,5.3,16.9,1002.2,6.3,87.1,63,98.1,87,11.6,5.9,17.2,12,1,22.6,82.6,0
RM,01-07-2023,Q3,jul,37,3.2,653.57,0.4,0.979790805012715,-0.587877359360234,10.4,4.2,16.5,1001.7,7.1,86.3,60,98.1,56.3,11,5,17,11.2,1,25.3,80.5,0
RM,01-08-2023,Q3,ago,38,0.4,691.63,0.1,0.979790805012715,-0.587877359360234,11.7,5.4,18.1,1001.7,10,82.5,54.2,97.6,175.3,9.3,2.6,15.9,12.2,2,34.5,104.1,1440
RM,01-09-2023,Q3,sept,39,0.7,716.17,0.7,0.979790805012715,-0.587877359360234,12,6,18.1,1002,12.9,78.9,52.5,95.9,46.7,6.7,0.5,13,13.5,1.6,19.4,119.5,8280
RM,01-10-2023,Q4,oct,40,1.8,753.91,0.4,-0.481429369840158,1.65377348799989,13.2,5.7,20.6,1001.3,18,73.5,45.9,93.6,21.7,14.7,7.1,22.4,17.2,1.7,20.7,131.9,1466.08
RM,01-11-2023,Q4,nov,41,1.6,709.97,0.7,-0.481429369840158,1.65377348799989,15,7.3,22.7,999.8,21.5,72.1,42.9,93.8,22.6,16.5,8.8,24.1,18.8,1.9,21,152.1,28437.32
RM,01-12-2023,Q4,dic,42,-0.1,693.81,-0.5,-0.481429369840158,1.65377348799989,17.2,8.5,26,998.4,26.3,66.4,39,90.4,0.4,19.5,10.7,28.3,22.5,2.2,25.8,156.8,212613.22
RM,01-01-2024,Q1,ene,43,3.2,722.93,0.7,1.65562496088922,2.01679609766612,19.1,11,27.3,998,25.3,67.9,41.4,89.8,0,21.9,13.6,30.1,23.9,2,23.7,152.6,945151.36
RM,01-02-2024,Q1,feb,44,5.5,774.18,0.6,1.65562496088922,2.01679609766612,20.2,11.6,28.8,997.7,22.8,67.7,39.3,90.2,2,23,14.4,31.7,25.1,1.7,25.3,134.4,732137.24
RM,01-03-2024,Q1,mar,45,1.6,774.46,0.4,1.65562496088922,2.01679609766612,18,7.9,28.1,998.3,20.2,64.6,32.9,89.8,0,19.9,9.5,30.4,23.2,1.5,20.4,114.4,70746.24
RM,01-04-2024,Q2,abr,46,4,762.46,0.5,-0.422323243392042,0.745008313961737,15,6.2,23.7,1000.2,12.9,68.8,37.6,90.7,20.4,16.2,7.2,25.1,18.9,1.1,21.2,97.1,17564.4
RM,01-05-2024,Q2,may,47,0.4,715.99,0.3,-0.422323243392042,0.745008313961737,9,1.6,16.4,1002.4,8.6,82.2,49.8,97.7,40.9,9.3,2.4,16.3,11.3,0.3,18.3,23.3,0
RM,01-06-2024,Q2,jun,48,-0.7,719.99,-0.1,-0.422323243392042,0.745008313961737,10.6,5.8,15.4,1001,5.4,88,65.7,97.9,243.9,9.6,4.9,14.3,10.8,1.5,31.8,50.8,0
RM,01-07-2024,Q3,jul,49,4,727.27,0.7,1.47016729573894,1.53600845244124,7.7,0.1,15.3,1003.4,8.5,82,52.2,97.2,0.8,7.7,0.6,14.7,8,0.9,17.2,85.7,4200
RM,01-08-2024,Q3,ago,50,1.9,715.39,0.3,1.47016729573894,1.53600845244124,9.4,2.8,16.1,1004,10.8,80,51.5,97.5,132.5,8.7,2.4,15.1,10,1.6,38.5,91.9,4200
RM,01-09-2024,Q3,sept,51,0.2,707.51,0.1,1.47016729573894,1.53600845244124,11.6,3.5,19.8,1002.4,15,75.3,46,96,13.7,12.5,4.4,20.7,12.9,1.5,24.2,106.7,0
RM,01-10-2024,Q4,oct,52,2.6,710.9,1,0.363076285070063,2.9809950671251,14.7,7.1,22.3,1000.7,17.4,76.2,48,96.3,3.1,16.5,8.5,24.5,16.8,1.3,18.5,124.2,9562.56
RM,01-11-2024,Q4,nov,53,2.3,744.48,0.2,0.363076285070063,2.9809950671251,16.6,7.2,26,1000.5,24,61.4,33.5,89.4,0,18.6,8.6,28.6,19.6,2,25,140.9,26798.5
RM,01-12-2024,Q4,dic,54,6.8,750.97,-0.2,0.363076285070063,2.9809950671251,17.6,8.9,26.4,999,26.1,63.8,37.7,88.9,0,20.5,10.6,30.4,21.5,2.1,21.8,141.8,139342
RM,01-01-2025,Q1,ene,55,2.3,765.23,1.1,0.363076285070063,2.9809950671251,19.6,10.6,28.7,998.4,25.3,64.3,35.8,89.5,0,23,12.5,33.4,23.9,1.9,23.9,140.5,179802.9
RM,01-02-2025,Q1,feb,56,-0.1,716.88,0.4,0.363076285070063,2.9809950671251,19.1,9,29.1,997.1,23.3,64,33.9,89.4,0,22.2,11,33.3,23.8,1.6,19.4,128,73966.5
VA,01-07-2020,Q3,jul,1,-11.9,776.32,0.1,4.88545318780973,-10.879435009985,12.3,5.6,19.1,999.5,7.7,76.3,44.6,94.4,57.3,11.4,10.4,12.4,12.1,0.1,11,20.2,0
VA,01-08-2020,Q3,ago,2,-11.2,772.04,0.1,4.88545318780973,-10.879435009985,11.9,4.3,19.5,998.8,10.5,73.3,41.7,93.8,0,11.4,10.2,12.6,12,0.1,11,21.3,34279.54
VA,01-09-2020,Q3,sept,3,-5.3,756.58,0.6,4.88545318780973,-10.879435009985,14.2,6,22.3,998.3,15.3,70.4,40.1,92.9,0,13.6,12.1,15.1,13.9,0.1,12.3,12.1,225382.7
VA,01-10-2020,Q4,oct,4,-1.5,767.24,0.7,6.84806540342533,-1.10991669344396,15.3,6.3,24.2,997.1,21.2,65.8,36,90.7,0,15.5,13.8,17.3,16.2,0.1,17.5,26.1,1435035.21
VA,01-11-2020,Q4,nov,5,0.9,737.65,-0.1,6.84806540342533,-1.10991669344396,17,8.7,25.4,996.6,22.7,64.8,38.8,88.9,0,17.6,16,19.2,18.4,0,6.9,2.4,2586041.47
VA,01-12-2020,Q4,dic,6,0.5,705.29,0.3,6.84806540342533,-1.10991669344396,18.9,9.7,28.2,994.9,26.5,59.7,33.2,86.7,0.2,19.7,17.8,21.5,20.6,0,4.2,1.3,2048646.4
VA,01-01-2021,Q1,ene,7,-3.5,689.91,0.7,3.7854565494801,-2.53768284396421,19.6,11.2,28.1,994.3,24,64.4,35.9,88.5,9.1,20.4,18.9,21.9,21.4,0,4,2.3,3545782.69
VA,01-02-2021,Q1,feb,8,-2,684.77,0.2,3.7854565494801,-2.53768284396421,19,11.9,26.2,994.1,20,70.1,43.8,90.1,0.1,20.1,18.9,21.3,21.3,0,9.4,19.6,783830.72
VA,01-03-2021,Q1,mar,9,6.8,684.31,0.4,3.7854565494801,-2.53768284396421,18,10.5,25.4,995,15.6,69.3,42,89.5,0,18.8,17.5,20,20.1,0,5.9,2.1,1612574.07
VA,01-04-2021,Q2,abr,10,15.2,661.58,0.4,1.09013993689875,14.6695688035842,15.9,9,22.8,995.7,11.5,71.9,45.8,90.5,7.7,16.5,15.2,17.8,17.7,0.1,14,27.3,25641.12
VA,01-05-2021,Q2,may,11,19.5,661.79,0.3,1.09013993689875,14.6695688035842,14.4,6.4,22.4,997.9,8.9,69.2,37.1,89.3,0.6,14,12.9,15,15,0.4,14.8,82.1,0
VA,01-06-2021,Q2,jun,12,20.4,671.87,0.1,1.09013993689875,14.6695688035842,12.9,6.2,19.7,998.8,7,72.1,43.5,90.1,21.9,12.4,11.5,13.2,13.2,0.3,11.5,64.5,0
VA,01-07-2021,Q3,jul,13,17.3,691.56,0.8,4.06393384970571,16.2813064133761,11.2,3.5,18.9,998.8,8.5,71.4,38.4,92.5,3.8,10.3,9.3,11.3,11,0.4,12.6,84.2,0
VA,01-08-2021,Q3,ago,14,17.9,716.74,0.4,4.06393384970571,16.2813064133761,11.6,5,18.1,999.6,8.7,75.6,46.8,92.4,11,11.3,10.4,12.2,11.7,0.4,16.1,78.5,0
VA,01-09-2021,Q3,sept,15,13.4,716.33,1.2,4.06393384970571,16.2813064133761,13.6,5.5,21.7,999,14.8,66.8,36.7,89.9,49.3,13,11.8,14.2,13.5,0.9,16.4,95.8,312570.8
VA,01-10-2021,Q4,oct,16,13.2,742.45,1.3,2.05976446225848,13.0933077617214,15.8,6.5,25.1,997.4,21.2,60.9,31.9,87.1,0.1,15.4,13.9,16.9,15.9,1.2,17.5,113,1226647.32
VA,01-11-2021,Q4,nov,17,13.3,736.92,0.5,2.05976446225848,13.0933077617214,17.3,8.8,25.8,996.6,23.9,63.7,35.9,88,0.3,17.8,16.5,19.2,18.6,0.6,17.5,63.6,590808.37
VA,01-12-2021,Q4,dic,18,8.6,769.21,0.8,2.05976446225848,13.0933077617214,18.5,10.2,26.7,994.9,23.8,64.2,38.7,88.1,0.1,19.4,18.1,20.7,20.3,0.1,14.5,17.7,1479519.3
VA,01-01-2022,Q1,ene,19,7.4,737.93,1.2,-1.30965852873504,10.5136779713715,19.6,10.8,28.4,995.1,25,58.5,34.5,84.2,0,20.2,18.9,21.6,21.3,0.4,18.5,58.3,3560569.35
VA,01-02-2022,Q1,feb,20,5.2,718.74,0.3,-1.30965852873504,10.5136779713715,19.6,11,28.3,994.8,22.6,63.3,36.2,88,0,20.2,18.9,21.6,21.3,0.1,14,18.8,2461508.7
VA,01-03-2022,Q1,mar,21,5.7,706.66,1.9,-1.30965852873504,10.5136779713715,18.8,9.5,28.1,994.9,17.7,60.6,31.5,85.7,0.1,18.6,17.3,20,19.9,0.2,16.1,38.4,886602.15
VA,01-04-2022,Q2,abr,22,5.7,718.39,1.4,0.021980655971543,7.53622515719372,15,6.8,23.2,996.5,11.4,72,40.5,91.6,0.4,15.6,14.4,16.8,16.9,0.2,14,34.8,41778.26
VA,01-05-2022,Q2,may,23,5.1,748.45,1.2,0.021980655971543,7.53622515719372,12.9,6.3,19.4,997.7,8,76.3,47.3,92.4,0.1,13.4,12.4,14.4,14.7,0.2,12.3,54.5,0
VA,01-06-2022,Q2,jun,24,2.7,752.62,0.9,0.021980655971543,7.53622515719372,11.2,5.3,17.1,998.7,6.7,77,48.7,92,32,11.1,10.2,12.1,12.2,0.1,18.5,18.5,2700
VA,01-07-2022,Q3,jul,25,0.1,833.2,1.4,-0.402457466175299,4.28574351528317,10.3,4.5,16.1,999,6.9,79.8,51.2,93.2,46,11.1,8.7,13.6,12.2,0.2,18,49.3,0
VA,01-08-2022,Q3,ago,26,1.3,790.79,1.2,-0.402457466175299,4.28574351528317,12,5.5,18.4,999.5,9,76.7,48,92.8,13.6,12.3,5.3,19.3,12,0.7,12.3,121.1,0
VA,01-09-2022,Q3,sept,27,0.8,803.24,0.9,-0.402457466175299,4.28574351528317,12.7,5.8,19.6,999.9,12.3,73.7,45.2,92,8.4,13.4,5.7,21,13,0.9,12.9,129.6,84970.35
VA,01-10-2022,Q4,oct,28,-1.6,833.92,0.5,-0.385807321621823,1.97822624524859,15.9,7.1,24.7,998.1,20.3,64.8,35.5,89,0.9,16.6,7.3,26,15.9,1.3,15.3,117.7,480769.35
VA,01-11-2022,Q4,nov,29,-3.1,790.88,1,-0.385807321621823,1.97822624524859,17.9,10,25.7,995.8,20.3,65.9,39.3,87.8,0.6,18.6,10.6,26.6,18.4,1.3,17.5,116.6,2098638.16
VA,01-12-2022,Q4,dic,30,-1.5,745.28,0.3,-0.385807321621823,1.97822624524859,20.2,11.1,29.4,994.2,24.8,59,33.7,85.7,0,20.8,12,29.6,21.4,1.3,16.7,104.6,3841212.07
VA,01-01-2023,Q1,ene,31,1.2,691.75,0.8,0.362599965738908,0.730002585507172,19.9,11.3,28.5,994.7,24.2,61.9,37,86.5,0,20.7,12.2,29.2,21.6,1.5,17.5,96.3,6405737.52
VA,01-02-2023,Q1,feb,32,-0.2,659.46,-0.1,0.362599965738908,0.730002585507172,20.5,11.7,29.4,992.9,21.3,65.8,36.9,88.9,0,21.2,12.1,30.3,21.7,1.4,15,80.3,2753638.52
VA,01-03-2023,Q1,mar,33,-1.7,666.5,1.1,0.362599965738908,0.730002585507172,19.7,11,28.5,994.2,16.4,68.1,38.2,90.4,0,20.4,11.3,29.4,20.5,1.2,15.6,68.4,741812.16
VA,01-04-2023,Q2,abr,34,-0.3,656.63,0.3,0.510701501413502,-0.230317232366384,16.8,9.2,24.4,995.4,9.7,70.2,41.8,89.2,14.6,17.2,9.4,24.9,17.7,0.9,13.4,89.4,0
VA,01-05-2023,Q2,may,35,-0.3,647.22,0.1,0.510701501413502,-0.230317232366384,14.3,7.1,21.4,996.9,7.1,73.8,44.6,91.4,6.4,14.4,7.1,21.6,14.9,0.5,13.1,81.4,0
VA,01-06-2023,Q2,jun,36,0.2,644.25,-0.2,0.510701501413502,-0.230317232366384,13.4,7,19.8,998.4,6,74.3,47.1,90.4,42.4,13.2,6.8,19.5,12.9,0.5,14,95.4,0
VA,01-07-2023,Q3,jul,37,3.2,653.57,0.4,0.979790805012715,0.4591762948571,12.9,6.4,19.4,997.9,6.8,76.4,47.2,92,69.5,12.6,6,19.1,11.7,0.4,13.1,92.2,0
VA,01-08-2023,Q3,ago,38,0.4,691.63,0.1,0.979790805012715,0.4591762948571,14,7.5,20.6,998,8.6,74.7,47.1,92.1,114.6,14,7.3,20.7,13.1,0.6,16.4,95.9,417837.45
VA,01-09-2023,Q3,sept,39,0.7,716.17,0.7,0.979790805012715,0.4591762948571,14.2,7.5,21,997.9,11.8,72.1,45.4,90.9,60.5,14.3,7.4,21.2,14.1,0.7,14.8,96.5,1964539.94
VA,01-10-2023,Q4,oct,40,1.8,753.91,0.4,-0.481429369840158,-0.123570749118596,15.3,7.6,22.9,997.2,16.4,67.3,40.5,89,3.7,15.6,7.8,23.4,15.8,1,17.2,105.5,2502014.1
VA,01-11-2023,Q4,nov,41,1.6,709.97,0.7,-0.481429369840158,-0.123570749118596,16.7,8.4,25,995.9,20.4,64.5,39.1,88.3,18.4,17,8.6,25.4,17.4,1.2,14.2,110.8,2756475.55
VA,01-12-2023,Q4,dic,42,-0.1,693.81,-0.5,-0.481429369840158,-0.123570749118596,18.5,10,27,994.4,23.1,63.5,38.1,87.7,0.3,19,10.3,27.6,19.5,1.6,17.7,105.9,1773266.23
VA,01-01-2024,Q1,ene,43,3.2,722.93,0.7,1.65562496088922,1.66011186511363,20.4,12.2,28.6,994.2,22.8,65.5,39.2,87.8,0,20.8,12.5,29.2,21.2,1.6,16.4,101.8,906929.41
VA,01-02-2024,Q1,feb,44,5.5,774.18,0.6,1.65562496088922,1.66011186511363,21.5,13.2,29.7,994,20.4,66.2,38.9,88.8,0.1,21.8,13.5,30,22.1,1.3,16.1,93.7,306124.6
VA,01-03-2024,Q1,mar,45,1.6,774.46,0.4,1.65562496088922,1.66011186511363,19.5,10.4,28.6,994.5,16.6,64.6,35.9,88.2,1.3,19.8,10.6,28.9,19.9,1.3,15.6,92.6,0
VA,01-04-2024,Q2,abr,46,4,762.46,0.5,-0.422323243392042,0.333135562361453,16.6,8.2,25,996.2,10.6,65.3,36.2,87.3,0.1,16.7,8.4,25.1,17,0.8,13.7,98.1,134374.86
VA,01-05-2024,Q2,may,47,0.4,715.99,0.3,-0.422323243392042,0.333135562361453,11.5,4.6,18.4,998.4,7.3,73.7,42.8,91.3,77.8,11.5,4.5,18.4,12.2,0.4,16.4,91.8,0
VA,01-06-2024,Q2,jun,48,-0.7,719.99,-0.1,-0.422323243392042,0.333135562361453,12.4,7.3,17.5,997.9,4.8,80.8,54.7,93.6,369.9,11.9,7.2,16.6,11.5,0.5,16.9,87.5,0
VA,01-07-2024,Q3,jul,49,4,727.27,0.7,1.47016729573894,2.26395267053363,10.8,3.7,17.8,999.2,7.2,75.4,45,92.4,0.5,10.6,3.5,17.7,9.6,0.6,12.9,87.1,0
VA,01-08-2024,Q3,ago,50,1.9,715.39,0.3,1.47016729573894,2.26395267053363,11.5,5.4,17.7,1000.3,8.2,75.5,47.6,92.8,180.8,11.4,5.3,17.5,10.8,0.6,15.8,93.6,0
VA,01-09-2024,Q3,sept,51,0.2,707.51,0.1,1.47016729573894,2.26395267053363,14.4,6.3,22.6,998.1,12.6,69,38,92,6,14.5,6.2,22.7,13.1,1.1,15.3,111.4,23779.97
VA,01-10-2024,Q4,oct,52,2.6,710.9,1,0.363076285070063,2.58570919307637,16,8.7,23.3,996.8,15.6,71,44.2,91.6,2.6,16.3,8.9,23.6,15.8,1.1,16.4,101.8,2705864.59
VA,01-11-2024,Q4,nov,53,2.3,744.48,0.2,0.363076285070063,2.58570919307637,18.2,8.6,27.8,996.4,22.6,57.1,31.2,86.4,0,18.3,8.8,27.7,18.2,1.5,16.9,113.8,2057974.26
VA,01-12-2024,Q4,dic,54,6.8,750.97,-0.2,0.363076285070063,2.58570919307637,18.8,10,27.7,995.1,24.7,60.9,35.4,86.1,0,19.1,10.6,27.7,19.7,1.6,18,95.7,6312454.53
VA,01-01-2025,Q1,ene,55,2.3,765.23,1.1,0.363076285070063,2.58570919307637,20.7,12.2,29.2,994.6,23.4,62.4,36.8,87.5,0,21,12.6,29.5,21.5,1.5,17.2,95.3,10457583.9
VA,01-02-2025,Q1,feb,56,-0.1,716.88,0.4,0.363076285070063,2.58570919307637,19.8,10.8,28.8,993.4,22.1,63.5,36.4,88.6,0,20.3,11.2,29.5,20.9,1.6,17.5,81.8,4922324.03
CO,01-07-2020,Q3,jul,1,-11.9,776.32,0.1,4.88545318780973,-9.79357318166331,11.8,4.5,19.2,989.6,11.5,79.9,44,98.5,5.8,13.8,8.1,19.5,11.6,1.7,22,127.1,0
CO,01-08-2020,Q3,ago,2,-11.2,772.04,0.1,4.88545318780973,-9.79357318166331,10.8,3.4,18.2,989.2,15,78.6,47.2,98,1.9,15.1,8.2,22,11.9,3.1,30.4,160.2,3040.5
CO,01-09-2020,Q3,sept,3,-5.3,756.58,0.6,4.88545318780973,-9.79357318166331,13.3,5.2,21.4,988.8,18.9,73.7,39.1,96,0.5,18.4,9.8,26.9,14.3,3.2,29.6,125.8,49728.78
CO,01-10-2020,Q4,oct,4,-1.5,767.24,0.7,6.84806540342533,1.01898865615817,14,5.6,22.4,987.6,24,71.4,38.1,96.4,0,20.2,11,29.3,16.4,3.9,31.5,141.7,520832.38
CO,01-11-2020,Q4,nov,5,0.9,737.65,-0.1,6.84806540342533,1.01898865615817,15.8,8,23.6,987.6,26.3,70.9,40.8,94.5,0,21.7,13.3,30.1,18.1,3.5,26.4,145,1315790.74
CO,01-12-2020,Q4,dic,6,0.5,705.29,0.3,6.84806540342533,1.01898865615817,16.9,8.6,25.1,986.4,28.6,69.7,39.5,94.5,0,23.5,14.7,32.3,20.8,3.7,26.6,155,1261745.52
CO,01-01-2021,Q1,ene,7,-3.5,689.91,0.7,3.7854565494801,-1.47460581503258,18.4,10.3,26.5,985.4,28.5,68.9,38.6,93.3,0,24.6,16.3,33,23.3,3.8,24.5,159.2,320180.76
CO,01-02-2021,Q1,feb,8,-2,684.77,0.2,3.7854565494801,-1.47460581503258,18.4,10.5,26.4,985.5,24.8,71,40.6,94.1,0,24.7,16.2,33.2,22.3,3.1,23.7,145.6,66891.1999
CO,01-03-2021,Q1,mar,9,6.8,684.31,0.4,3.7854565494801,-1.47460581503258,17.2,9.2,25.1,986,19.9,72.1,41.2,94.2,0.2,22.4,14.2,30.6,20.6,2.6,22.9,123,16609.44
CO,01-04-2021,Q2,abr,10,15.2,661.58,0.4,1.09013993689875,16.1185711510136,14.8,7.3,22.3,986.8,13.5,78.1,47.5,96.5,1.5,19.3,11.8,26.9,17.1,1.6,23.1,86.3,1975.5
CO,01-05-2021,Q2,may,11,19.5,661.79,0.3,1.09013993689875,16.1185711510136,14.2,5.3,23.2,988.5,10.8,72.4,34.5,96,1,18,9.8,26.2,15.5,1.8,22.6,117.3,0
CO,01-06-2021,Q2,jun,12,20.4,671.87,0.1,1.09013993689875,16.1185711510136,12.1,4.3,19.9,989.4,8.3,76.4,41.7,97,17.7,13.4,6.3,20.5,13.2,2,26.4,143,0
CO,01-07-2021,Q3,jul,13,17.3,691.56,0.8,4.06393384970571,14.9776236140703,10.5,2.7,18.3,989.4,8.9,80.3,42.6,98.6,4.7,12.7,5.2,20.2,13.2,1.9,20.2,132,720
CO,01-08-2021,Q3,ago,14,17.9,716.74,0.4,4.06393384970571,14.9776236140703,12.2,4.6,19.9,990.2,14.2,72.9,39.4,95.8,0.7,15.7,7.9,23.6,15.4,2.1,24.2,103.1,0
CO,01-09-2021,Q3,sept,15,13.4,716.33,1.2,4.06393384970571,14.9776236140703,13,4.4,21.6,989.6,19.9,67.8,34,94.2,0.3,17.7,8.6,26.9,16.8,3.2,28.8,125.4,32382.58
CO,01-10-2021,Q4,oct,16,13.2,742.45,1.3,2.05976446225848,8.07390408218183,14.3,5.8,22.9,988.3,24.7,67,33.9,93.7,0.2,19.7,10.3,29,18.9,4.2,31,153.1,261433.08
CO,01-11-2021,Q4,nov,17,13.3,736.92,0.5,2.05976446225848,8.07390408218183,15.8,7.6,23.9,987.5,26.9,69.9,38.1,93.5,0,21.5,12.5,30.6,20.5,3.8,26.1,158,586978.77
CO,01-12-2021,Q4,dic,18,8.6,769.21,0.8,2.05976446225848,8.07390408218183,17.6,9.6,25.6,986.3,27.4,67.9,38.2,92.3,0,23.8,15,32.7,25.3,3.6,23.1,169.9,1486954.56
CO,01-01-2022,Q1,ene,19,7.4,737.93,1.2,-1.30965852873504,-0.554124905851783,18.4,10.3,26.4,986.2,28.9,65.5,38.1,90.5,0,24.2,15.8,32.7,24.7,4.1,23.1,179.2,522735.688
CO,01-02-2022,Q1,feb,20,5.2,718.74,0.3,-1.30965852873504,-0.554124905851783,18.7,10.5,27,986.1,24.7,67.9,37.2,92.4,0,24,15.5,32.6,24.8,3.2,26.6,150.9,236968.23
CO,01-03-2022,Q1,mar,21,5.7,706.66,1.9,-1.30965852873504,-0.554124905851783,17.1,8.3,25.9,986,21,69.2,37.3,93.3,0.1,22.1,13.5,30.8,22.9,2.8,22.9,140.4,15096
CO,01-04-2022,Q2,abr,22,5.7,718.39,1.4,0.021980655971543,-2.31021744658483,14.1,5.5,22.7,987.3,15,75.3,41.1,96.3,0.6,18.6,10.1,27.2,19.4,1.9,22.9,120.6,0
CO,01-05-2022,Q2,may,23,5.1,748.45,1.2,0.021980655971543,-2.31021744658483,12.2,4.2,20.3,988.5,10.8,77.6,42.6,96.4,1.4,15.7,8.2,23.2,16.9,1.8,20.2,140.6,0
CO,01-06-2022,Q2,jun,24,2.7,752.62,0.9,0.021980655971543,-2.31021744658483,10.9,4.2,17.6,989.6,8.8,75.5,44.6,94.6,6,14.2,7,21.4,14.2,2,28.8,132.8,0
CO,01-07-2022,Q3,jul,25,0.1,833.2,1.4,-0.402457466175299,-1.48976748767735,10.5,5.1,16,989.7,9.2,82.5,53.7,97,120.8,13.7,8.8,18.7,12.7,2.4,31.5,144.7,0
CO,01-08-2022,Q3,ago,26,1.3,790.79,1.2,-0.402457466175299,-1.48976748767735,11.5,5.4,17.7,990,12.4,81.1,52.7,97.4,17,13.8,8.6,19,14.4,1.5,20.7,96.8,30910.89
CO,01-09-2022,Q3,sept,27,0.8,803.24,0.9,-0.402457466175299,-1.48976748767735,12,4.6,19.4,990.5,16.4,76.4,43.8,97.1,1.3,16.8,8.9,24.6,17.2,2.5,23.9,106.6,3643.5
CO,01-10-2022,Q4,oct,28,-1.6,833.92,0.5,-0.385807321621823,1.49242630159192,13.9,5.6,22.3,988.8,21.5,73.4,39.4,97,2.4,20.8,10.9,30.6,20.3,3.1,26.9,116.8,152533.92
CO,01-11-2022,Q4,nov,29,-3.1,790.88,1,-0.385807321621823,1.49242630159192,16.1,8.4,23.7,987.3,23.3,70,41.1,94,0.1,22.9,14.1,31.6,24.4,3.2,24.8,150.7,465449.65
CO,01-12-2022,Q4,dic,30,-1.5,745.28,0.3,-0.385807321621823,1.49242630159192,18.6,10.5,26.8,985.8,26.6,67.3,38.6,93.1,0,26.2,16.5,35.9,27.7,3.4,23.9,158,434914.73
CO,01-01-2023,Q1,ene,31,1.2,691.75,0.8,0.362599965738908,2.6959374743885,19.1,10.8,27.4,986.3,26.7,67.7,37.9,93.5,0,26.5,16.9,36,28.1,3.3,24.5,150.2,339961.12
CO,01-02-2023,Q1,feb,32,-0.2,659.46,-0.1,0.362599965738908,2.6959374743885,19.9,11.9,28,984.6,23.7,68.8,39.9,93.3,0,26.7,17.5,35.9,28.1,3.1,21.8,139.6,36868.32
CO,01-03-2023,Q1,mar,33,-1.7,666.5,1.1,0.362599965738908,2.6959374743885,19,10.7,27.3,985.6,19.1,73.4,41.6,95.6,0.1,24.4,16,32.8,25.9,2.5,24.5,121.6,0
CO,01-04-2023,Q2,abr,34,-0.3,656.63,0.3,0.510701501413502,4.25103836342744,15.5,7,24,986.5,13.8,75.2,42.4,97,1,19.7,12.1,27.3,21.9,1.8,21.2,96.3,0
CO,01-05-2023,Q2,may,35,-0.3,647.22,0.1,0.510701501413502,4.25103836342744,13.6,5.2,22.1,987.7,11.3,76.5,40.1,97.5,1.4,15.2,7.9,22.4,18.1,1.2,18,77.6,0
CO,01-06-2023,Q2,jun,36,0.2,644.25,-0.2,0.510701501413502,4.25103836342744,14,5.2,22.7,988.8,10.1,69.7,34,93.5,0.6,14.5,7.3,21.6,16.6,1.8,18.5,122,0
CO,01-07-2023,Q3,jul,37,3.2,653.57,0.4,0.979790805012715,3.91045509969568,12.9,5.3,20.6,988.7,10.4,76.8,40.8,97.1,37.8,12.8,7.3,18.2,15,2.2,24.8,150.6,0
CO,01-08-2023,Q3,ago,38,0.4,691.63,0.1,0.979790805012715,3.91045509969568,14.3,7.1,21.5,988.6,12.9,73.6,42.2,95,3.1,15.7,9.1,22.3,17.3,3.4,26.9,173.2,4281
CO,01-09-2023,Q3,sept,39,0.7,716.17,0.7,0.979790805012715,3.91045509969568,14.7,6.7,22.7,988.3,17.7,66.1,32.9,92.1,0,20.3,9.8,30.8,19.2,3.6,25.8,151.7,44029.94
CO,01-10-2023,Q4,oct,40,1.8,753.91,0.4,-0.481429369840158,1.32965902239195,14.3,5.9,22.8,987.9,22.4,67,35.3,91.9,0,23.6,9.7,37.6,21.3,3.6,27.7,141.8,287172.84
CO,01-11-2023,Q4,nov,41,1.6,709.97,0.7,-0.481429369840158,1.32965902239195,15.7,7.4,24,986.6,25.1,67,36.6,92.9,1.2,26.6,10.9,42.4,23.1,3.7,26.4,157.7,702256.25
CO,01-12-2023,Q4,dic,42,-0.1,693.81,-0.5,-0.481429369840158,1.32965902239195,17.7,9.3,26.1,985.7,27.4,67,38.3,91.5,0,30,12.9,47.1,25.7,3.5,24.2,162.4,304464.24
CO,01-01-2024,Q1,ene,43,3.2,722.93,0.7,1.65562496088922,3.42055327522186,19.7,11.4,27.9,985.6,26.5,68.9,38.7,92.6,0,28.3,15.4,41.3,27.6,3.4,24.2,157.4,88081.34
CO,01-02-2024,Q1,feb,44,5.5,774.18,0.6,1.65562496088922,3.42055327522186,20.6,13.1,28.1,985.8,22.6,70.7,42.1,91.5,0,25.4,18.3,32.6,27.4,3,26.4,154.9,5820.12
CO,01-03-2024,Q1,mar,45,1.6,774.46,0.4,1.65562496088922,3.42055327522186,18.8,10.6,27,985.9,19.3,72.4,40.4,94.4,0,23.6,15.9,31.2,24.7,2.5,21.8,138.1,152017.32
CO,01-04-2024,Q2,abr,46,4,762.46,0.5,-0.422323243392042,0.822015909168372,15.5,6.7,24.2,987.1,14,69,36.6,92.4,0.9,20.2,13,27.5,20.9,2.4,24.5,140.7,13108.8
CO,01-05-2024,Q2,may,47,0.4,715.99,0.3,-0.422323243392042,0.822015909168372,12.2,4.1,20.4,988.8,11,71.5,36,94.3,22.5,15.6,9.5,21.8,14.9,1.2,24.2,90,0
CO,01-06-2024,Q2,jun,48,-0.7,719.99,-0.1,-0.422323243392042,0.822015909168372,12.6,6.9,18.3,989.1,7.4,82.9,53.4,98.4,75.5,13.6,10.5,16.7,13.7,1,27.2,79.1,0
CO,01-07-2024,Q3,jul,49,4,727.27,0.7,1.47016729573894,1.32750564294029,10.6,3.5,17.7,989.9,10.3,81.2,50.3,97.3,2.1,11.7,8,15.3,13.1,1.3,21,92.5,0
CO,01-08-2024,Q3,ago,50,1.9,715.39,0.3,1.47016729573894,1.32750564294029,11.3,4.9,17.8,991.5,11.9,80.7,51.6,97.2,46.9,12.5,10,14.9,13.7,2,31.2,113,16.5
CO,01-09-2024,Q3,sept,51,0.2,707.51,0.1,1.47016729573894,1.32750564294029,13.7,4.4,22.9,989,18.6,72.9,36.7,95.9,0.8,15.9,10.7,21,17.2,3.1,29.3,132.9,0
CO,01-10-2024,Q4,oct,52,2.6,710.9,1,0.363076285070063,-0.0703171872801778,15.6,7.8,23.5,988.3,20.3,71.1,39.7,93.7,0.6,20.1,13.8,26.3,20.6,3.4,26.6,160.8,154833.08
CO,01-11-2024,Q4,nov,53,2.3,744.48,0.2,0.363076285070063,-0.0703171872801778,16.5,7.5,25.5,987.6,27.4,64.8,35,90.8,0.1,22.5,14.8,30.2,24,4,24.8,176.2,220562.92
CO,01-12-2024,Q4,dic,54,6.8,750.97,-0.2,0.363076285070063,-0.0703171872801778,17.5,9.1,25.9,986.9,27.9,67.3,37.5,91.6,0,23.8,17.2,30.4,26.5,3.9,24.5,169.9,452383.85
CO,01-01-2025,Q1,ene,55,2.3,765.23,1.1,0.363076285070063,-0.0703171872801778,19.6,11.6,27.7,986.6,25.4,68.5,38.9,91.8,0.1,25.6,20.1,31.2,26.4,3.6,23.4,160.7,16254.5
CO,01-02-2025,Q1,feb,56,-0.1,716.88,0.4,0.363076285070063,-0.0703171872801778,19.6,11.1,28.1,985.4,24.5,68.1,37.7,93.3,0,25.4,19.3,31.5,26.4,3.3,23.9,144.8,15261.65
